affector,target,strength
P_tesA,H6G84_RS04855,0.44356403
P_rpaA,H6G84_RS04855,-0.13675533
P_kaiBC,H6G84_RS04855,-0.16466877
P_rpaA_D53E,H6G84_RS04855,1.0202882
P_OX_plasmid,H6G84_RS04855,0.7265036
P_Subjective_dawn,H6G84_RS04855,0.1450893
P_p0050_kaiBC,H6G84_RS04855,-0.2915844
P_sigF,H6G84_RS04855,-0.12479739
P_pAM2991-xylEAB,H6G84_RS04855,0.4860079
H6G84_RS05285,H6G84_RS08385,0.140282
P_p0050_kaiBC,H6G84_RS08385,-0.22740407
P_relA,H6G84_RS08385,0.41170582
H6G84_RS12160,H6G84_RS09745,-0.14135155
H6G84_RS03615,H6G84_RS09745,-0.10017564
H6G84_RS05285,H6G84_RS09745,-0.43016466
H6G84_RS09525,H6G84_RS09745,0.42062864
H6G84_RS11200,H6G84_RS09745,-0.1994596
H6G84_RS05575,H6G84_RS09745,-0.19393997
P_tesA,H6G84_RS09745,0.47542575
P_rpaA_D53E,H6G84_RS09745,0.5646838
P_OX_plasmid,H6G84_RS09745,0.77437
P_Subjective_dawn,H6G84_RS09745,0.43244642
P_Subjective_dusk,H6G84_RS09745,-0.5574053
P_p0050_kaiBC,H6G84_RS09745,-0.5263086
P_relA_E335Q,H6G84_RS09745,0.14682107
P_sigF,H6G84_RS09745,-0.48472968
P_pAM2991-xylEAB,H6G84_RS09745,0.41541672
P_pAM2991-galP,H6G84_RS09745,0.15236455
P_pilB::Tn5,H6G84_RS09745,-0.1325267
P_CM,H6G84_RS09745,0.19402161
H6G84_RS04855,H6G84_RS01795,0.10945511
H6G84_RS09525,H6G84_RS01795,0.14130238
P_rpaA_D53E,H6G84_RS01795,0.2209493
P_OX_plasmid,H6G84_RS01795,0.3729649
P_p0050_kaiBC,H6G84_RS01795,-0.25656834
P_OX_plasmid,H6G84_RS02065,0.20856044
P_relA,H6G84_RS02065,0.20351274
P_pAM2991-xylEAB,H6G84_RS02065,-0.2283673
P_pilB::Tn5,H6G84_RS02065,0.13691485
H6G84_RS11960,H6G84_RS06060,0.24050324
P_rpaA_D53E,H6G84_RS06060,0.31547898
P_OX_plasmid,H6G84_RS06060,0.38780922
P_p0050_kaiBC,H6G84_RS06060,-0.12308943
H6G84_RS13220,H6G84_RS13065,-0.10238562
P_Light(umol_photons_m-2_s-1),H6G84_RS13065,0.2508855
H6G84_RS13220,H6G84_RS03740,0.2384985
P_OX_plasmid,H6G84_RS04910,0.25486872
P_p0050_kaiBC,H6G84_RS04910,-0.36738384
H6G84_RS05285,H6G84_RS10905,-0.39472806
P_rpaA_D53E,H6G84_RS10905,0.20252164
P_OX_plasmid,H6G84_RS10905,0.51808697
P_p0050_kaiBC,H6G84_RS10905,-0.18692058
P_rpaA_D53E,H6G84_RS08505,0.14296588
P_OX_plasmid,H6G84_RS08505,0.3202587
P_p0050_kaiBC,H6G84_RS08505,-0.41171467
P_rpaA_D53E,H6G84_RS11970,0.24748197
P_OX_plasmid,H6G84_RS11970,0.33205023
P_p0050_kaiBC,H6G84_RS11970,-0.18681473
H6G84_RS04855,H6G84_RS05250,0.318922
H6G84_RS03180,H6G84_RS05250,-0.18606335
H6G84_RS04225,H6G84_RS05250,0.12788253
H6G84_RS09525,H6G84_RS05250,0.12366675
H6G84_RS05575,H6G84_RS05250,-0.13256106
P_rpaA,H6G84_RS05250,-0.19578002
P_kaiBC,H6G84_RS05250,-0.2409583
P_rpaA_D53E,H6G84_RS05250,0.65109223
P_OX_plasmid,H6G84_RS05250,0.399115
P_Subjective_dawn,H6G84_RS05250,0.17252241
P_rpaA_D53E,H6G84_RS02260,0.37214214
P_OX_plasmid,H6G84_RS02260,0.68137366
P_p0050_kaiBC,H6G84_RS02260,-0.18089582
H6G84_RS12160,H6G84_RS03380,0.228736
H6G84_RS05575,H6G84_RS03380,0.11016471
P_p0050_kaiBC,H6G84_RS03380,-0.29264745
P_rel,H6G84_RS03380,-0.32362142
P_relA_E335Q,H6G84_RS03380,0.13947833
H6G84_RS12560,H6G84_RS03180,0.1200683
P_tesA,H6G84_RS03180,-0.13561714
P_rpaA,H6G84_RS03180,0.3141431
P_rpaA_D53E,H6G84_RS03180,-0.7446707
P_OX_plasmid,H6G84_RS03180,-0.52190924
P_pAM2991-xylEAB,H6G84_RS03180,-0.30949703
H6G84_RS12160,H6G84_RS07065,0.17050734
P_tesA,H6G84_RS07065,0.16019635
P_rpaA_D53E,H6G84_RS07065,0.31641182
P_OX_plasmid,H6G84_RS07065,0.39830387
P_p0050_kaiBC,H6G84_RS07065,-0.3139317
P_relA,H6G84_RS07065,0.1189931
P_pAM2991-xylEAB,H6G84_RS07065,0.2518841
P_pilB::Tn5,H6G84_RS07065,-0.38253745
P_Light(umol_photons_m-2_s-1),H6G84_RS10965,-0.18235058
P_p0050_kaiBC,H6G84_RS12810,-0.807615
H6G84_RS05285,H6G84_RS12160,0.18540275
H6G84_RS00730,H6G84_RS12160,0.1639458
H6G84_RS09525,H6G84_RS12160,0.25895178
H6G84_RS11960,H6G84_RS12160,0.10305542
H6G84_RS05575,H6G84_RS12160,0.5247508
P_tesA,H6G84_RS12160,0.7245541
P_rpaA_D53E,H6G84_RS12160,0.2665508
P_OX_plasmid,H6G84_RS12160,0.7870426
P_Subjective_dawn,H6G84_RS12160,-0.18272135
P_Subjective_dusk,H6G84_RS12160,0.50216925
P_p0050_kaiBC,H6G84_RS12160,-0.66515803
P_rel,H6G84_RS12160,-0.27712178
P_relA,H6G84_RS12160,0.6636836
P_relA_E335Q,H6G84_RS12160,0.72147083
P_pAM2991-xylEAB,H6G84_RS12160,0.5025368
P_pAM2991-galP,H6G84_RS12160,0.44220203
P_pilB::Tn5,H6G84_RS12160,0.13692261
P_CM,H6G84_RS12160,0.39023104
H6G84_RS12160,H6G84_RS03615,0.21975806
H6G84_RS10470,H6G84_RS03615,0.11900237
H6G84_RS05285,H6G84_RS03615,0.27839953
H6G84_RS11200,H6G84_RS03615,0.12417016
P_tesA,H6G84_RS03615,-0.17766967
P_rpaA_D53E,H6G84_RS03615,0.26919493
P_OX_plasmid,H6G84_RS03615,0.17194095
P_Subjective_dusk,H6G84_RS03615,0.2634775
P_p0050_kaiBC,H6G84_RS03615,-0.24193634
P_relA,H6G84_RS03615,0.20151685
P_relA_E335Q,H6G84_RS03615,0.11954116
H6G84_RS12160,H6G84_RS03495,0.23491623
H6G84_RS11200,H6G84_RS03495,0.22444227
P_tesA,H6G84_RS03495,-0.10816734
P_rpaA_D53E,H6G84_RS03495,0.18207756
P_OX_plasmid,H6G84_RS03495,0.31235406
P_p0050_kaiBC,H6G84_RS03495,-0.22736329
P_rel,H6G84_RS03495,-0.7377833
P_relA,H6G84_RS03495,-0.10707122
P_relA_E335Q,H6G84_RS03495,0.25211155
P_sigF,H6G84_RS03495,0.11059374
P_pilB::Tn5,H6G84_RS03495,0.21853265
H6G84_RS03180,H6G84_RS04575,-0.15413041
H6G84_RS02020,H6G84_RS04575,-0.2005615
H6G84_RS05575,H6G84_RS04575,-0.18703166
H6G84_RS01390,H6G84_RS04575,-0.16359894
P_tesA,H6G84_RS04575,-0.18023477
P_rpaA_D53E,H6G84_RS04575,0.6490735
P_OX_plasmid,H6G84_RS04575,0.46181887
P_p0050_kaiBC,H6G84_RS04575,0.44875634
P_relA,H6G84_RS04575,-0.13236934
H6G84_RS12160,H6G84_RS10470,0.5341588
H6G84_RS05285,H6G84_RS10470,0.2040504
H6G84_RS09525,H6G84_RS10470,0.10031088
H6G84_RS11200,H6G84_RS10470,0.14714804
H6G84_RS05575,H6G84_RS10470,0.1310756
P_tesA,H6G84_RS10470,-0.27197233
P_rpaA_D53E,H6G84_RS10470,0.32919908
P_OX_plasmid,H6G84_RS10470,0.42999947
P_Subjective_dusk,H6G84_RS10470,0.15454893
P_p0050_kaiBC,H6G84_RS10470,-0.24315609
P_relA,H6G84_RS10470,0.32190037
P_sigF,H6G84_RS10470,-0.3217076
P_pilB::Tn5,H6G84_RS10470,0.12612735
P_p0050_kaiBC,H6G84_RS09475,-0.17842576
H6G84_RS12160,H6G84_RS02855,0.18946156
H6G84_RS05285,H6G84_RS02855,0.123044536
H6G84_RS05575,H6G84_RS02855,0.16089407
P_OX_plasmid,H6G84_RS02855,0.13258359
P_p0050_kaiBC,H6G84_RS02855,-0.3945037
P_rel,H6G84_RS02855,-0.22180079
H6G84_RS09745,H6G84_RS09500,0.19298223
H6G84_RS11960,H6G84_RS09500,0.118426844
P_tesA,H6G84_RS09500,-0.5628357
P_OX_plasmid,H6G84_RS09500,0.3124779
P_p0050_kaiBC,H6G84_RS09500,-0.4572484
P_relA,H6G84_RS09500,-0.40982175
P_pilB::Tn5,H6G84_RS09500,0.4322842
P_CM,H6G84_RS09500,0.10683679
H6G84_RS12160,H6G84_RS07330,0.105498984
H6G84_RS11200,H6G84_RS07330,0.15509148
P_rpaA_D53E,H6G84_RS07330,0.12871112
P_OX_plasmid,H6G84_RS07330,0.20087124
P_Subjective_dawn,H6G84_RS07330,-0.107975796
P_p0050_kaiBC,H6G84_RS07330,-0.12704925
P_rel,H6G84_RS07330,-0.15835327
H6G84_RS05285,H6G84_RS07345,-0.10848244
H6G84_RS00730,H6G84_RS07345,-0.13216594
H6G84_RS05575,H6G84_RS07345,-0.138509
P_rpaA_D53E,H6G84_RS07345,0.22080016
P_OX_plasmid,H6G84_RS07345,0.224081
P_Subjective_dawn,H6G84_RS07345,0.11370305
P_Subjective_dusk,H6G84_RS07345,-0.2871856
P_p0050_kaiBC,H6G84_RS07345,-0.38133886
P_relA_E335Q,H6G84_RS07345,-0.12660368
P_rpaA_D53E,H6G84_RS10475,0.17509557
P_OX_plasmid,H6G84_RS10475,0.27168602
P_p0050_kaiBC,H6G84_RS10475,-0.27216202
H6G84_RS12160,H6G84_RS09950,0.1430525
H6G84_RS09525,H6G84_RS09950,0.13357894
H6G84_RS11200,H6G84_RS09950,0.17090902
P_rpaA_D53E,H6G84_RS09950,0.27081642
P_OX_plasmid,H6G84_RS09950,0.42757863
P_sigF,H6G84_RS09950,-0.119145244
H6G84_RS13220,H6G84_RS05955,-0.21431755
H6G84_RS04855,H6G84_RS04225,0.20553726
H6G84_RS03180,H6G84_RS04225,-0.22473346
H6G84_RS04575,H6G84_RS04225,0.11123242
H6G84_RS12560,H6G84_RS04225,-0.17353696
H6G84_RS09525,H6G84_RS04225,0.1967737
H6G84_RS02020,H6G84_RS04225,-0.10599874
H6G84_RS05575,H6G84_RS04225,-0.10268267
P_tesA,H6G84_RS04225,0.13920835
P_kaiBC,H6G84_RS04225,-0.10628567
P_rpaA_D53E,H6G84_RS04225,0.8902898
P_OX_plasmid,H6G84_RS04225,0.60196084
P_p0050_kaiBC,H6G84_RS04225,-0.16808954
P_sigF,H6G84_RS04225,-0.10019175
P_pAM2991-xylEAB,H6G84_RS04225,0.16575223
P_tesA,H6G84_RS02085,-0.14121234
P_p0050_kaiBC,H6G84_RS02085,0.20580962
H6G84_RS05575,H6G84_RS12940,0.11610094
P_p0050_kaiBC,H6G84_RS12940,-0.18525757
P_rpaA,H6G84_RS09975,-0.14513381
P_kaiBC,H6G84_RS09975,-0.19161122
P_rpaA_D53E,H6G84_RS09975,0.7310219
P_OX_plasmid,H6G84_RS09975,0.47136983
H6G84_RS12160,H6G84_RS12045,0.19475074
H6G84_RS12820,H6G84_RS12045,0.102291964
P_rpaA_D53E,H6G84_RS12045,0.2329793
P_OX_plasmid,H6G84_RS12045,0.3512048
P_p0050_kaiBC,H6G84_RS12045,0.18881431
P_relA,H6G84_RS12045,0.3462205
H6G84_RS09975,H6G84_RS05285,0.10650174
H6G84_RS00730,H6G84_RS05285,-0.10391899
H6G84_RS12560,H6G84_RS05285,-0.15107493
H6G84_RS09525,H6G84_RS05285,-0.37044027
H6G84_RS05575,H6G84_RS05285,0.3514834
H6G84_RS12555,H6G84_RS05285,0.10321306
P_tesA,H6G84_RS05285,-0.19720124
P_kaiBC,H6G84_RS05285,0.12481047
P_rpaA_D53E,H6G84_RS05285,-0.45218578
P_OX_plasmid,H6G84_RS05285,-0.82421935
P_Subjective_dawn,H6G84_RS05285,-0.88285244
P_Subjective_dusk,H6G84_RS05285,1.3815639
P_p0050_kaiBC,H6G84_RS05285,-0.105590925
P_rel,H6G84_RS05285,-0.26361218
P_relA,H6G84_RS05285,0.30389142
P_relA_E335Q,H6G84_RS05285,0.5705222
P_sigF,H6G84_RS05285,0.7097279
P_pAM2991-xylEAB,H6G84_RS05285,-0.35420328
P_pilB::Tn5,H6G84_RS05285,0.217
P_CM,H6G84_RS05285,0.19139917
P_tesA,H6G84_RS09205,-0.13125466
P_p0050_kaiBC,H6G84_RS09205,-0.37638775
P_rel,H6G84_RS09205,0.17439766
P_relA,H6G84_RS09205,1.0326688
P_relA_E335Q,H6G84_RS09205,-0.3195073
P_sigF,H6G84_RS09205,-0.10137215
P_pAM2991-xylEAB,H6G84_RS09205,-0.17254792
H6G84_RS13220,H6G84_RS09485,0.13447362
H6G84_RS12160,H6G84_RS03075,-0.12136234
H6G84_RS09525,H6G84_RS03075,-0.129331
P_p0050_kaiBC,H6G84_RS03075,-0.42977545
P_relA,H6G84_RS03075,0.38861948
P_relA_E335Q,H6G84_RS03075,-0.20448422
P_Light(umol_photons_m-2_s-1),H6G84_RS12065,-0.1122289
H6G84_RS12160,H6G84_RS10085,0.2071007
H6G84_RS05285,H6G84_RS10085,0.21335794
H6G84_RS11960,H6G84_RS10085,-0.109002575
H6G84_RS05575,H6G84_RS10085,0.1481612
P_OX_plasmid,H6G84_RS10085,-0.10228875
P_p0050_kaiBC,H6G84_RS10085,-0.22143075
P_relA,H6G84_RS10085,0.31604555
H6G84_RS03740,H6G84_RS13220,0.14947434
P_aas,H6G84_RS13220,0.13472492
P_rpaA,H6G84_RS13220,0.13268153
P_kaiBC,H6G84_RS13220,0.4106056
P_Subjective_dawn,H6G84_RS13220,0.14988616
P_Light(umol_photons_m-2_s-1),H6G84_RS13220,2.2887256
P_sigF,H6G84_RS13220,0.12791334
P_rpoD6,H6G84_RS13220,0.35004798
H6G84_RS09525,H6G84_RS12550,-0.19061376
H6G84_RS11960,H6G84_RS12550,-0.43824008
P_tesA,H6G84_RS12550,-0.21710318
P_rpaA_D53E,H6G84_RS12550,-0.13476491
P_OX_plasmid,H6G84_RS12550,-0.282701
P_Subjective_dawn,H6G84_RS12550,-0.108294725
P_p0050_kaiBC,H6G84_RS12550,0.17131682
P_relA,H6G84_RS12550,0.119350895
P_pAM2991-xylEAB,H6G84_RS12550,-0.18866673
P_pAM2991-galP,H6G84_RS12550,-0.13980414
H6G84_RS09525,H6G84_RS02710,0.13843043
P_rpaA_D53E,H6G84_RS02710,0.13513038
P_p0050_kaiBC,H6G84_RS02710,-0.30145705
P_relA,H6G84_RS02710,0.6715521
P_relA_E335Q,H6G84_RS02710,-0.20182528
P_sigF,H6G84_RS02710,-0.20396006
P_pAM2991-xylEAB,H6G84_RS02710,-0.106543444
P_Light(umol_photons_m-2_s-1),H6G84_RS02820,0.22739524
H6G84_RS12160,H6G84_RS08775,0.31086314
H6G84_RS10470,H6G84_RS08775,0.12793566
H6G84_RS05285,H6G84_RS08775,0.1387531
H6G84_RS11200,H6G84_RS08775,0.15816322
H6G84_RS05575,H6G84_RS08775,0.25751427
P_tesA,H6G84_RS08775,-0.13324966
P_rpaA_D53E,H6G84_RS08775,0.18353327
P_OX_plasmid,H6G84_RS08775,0.31534114
P_Subjective_dusk,H6G84_RS08775,0.11346895
P_p0050_kaiBC,H6G84_RS08775,-0.28138006
P_relA,H6G84_RS08775,0.4019727
P_pAM2991-xylEAB,H6G84_RS08775,-0.10175389
P_pilB::Tn5,H6G84_RS08775,0.119126685
H6G84_RS12160,H6G84_RS03910,0.23001875
P_rpaA_D53E,H6G84_RS03910,0.11417748
P_OX_plasmid,H6G84_RS03910,0.13678274
P_p0050_kaiBC,H6G84_RS03910,-0.17442721
H6G84_RS12160,H6G84_RS03915,0.16540137
H6G84_RS11200,H6G84_RS03915,0.117609404
P_rpaA_D53E,H6G84_RS03915,0.21773562
P_OX_plasmid,H6G84_RS03915,0.40180635
P_p0050_kaiBC,H6G84_RS03915,-0.16614707
H6G84_RS05575,H6G84_RS12060,0.17119227
P_rpaA_D53E,H6G84_RS12060,-0.1058304
P_Subjective_dusk,H6G84_RS12060,0.3466516
P_relA,H6G84_RS12060,0.2416851
P_OX_plasmid,H6G84_RS03905,0.13249144
P_p0050_kaiBC,H6G84_RS03905,-0.15339388
H6G84_RS09525,H6G84_RS12285,-0.20082787
P_tesA,H6G84_RS12285,-0.3267666
P_rpaA_D53E,H6G84_RS12285,0.20477945
P_OX_plasmid,H6G84_RS12285,0.3350343
P_p0050_kaiBC,H6G84_RS12285,-0.5339946
P_rel,H6G84_RS12285,-0.10599883
P_relA_E335Q,H6G84_RS12285,0.3771214
P_sigF,H6G84_RS12285,0.12516896
P_pAM2991-xylEAB,H6G84_RS12285,-0.24411558
P_pAM2991-galP,H6G84_RS12285,-0.19193307
P_pilB::Tn5,H6G84_RS12285,0.3414536
H6G84_RS00730,H6G84_RS01315,-0.12308112
H6G84_RS11200,H6G84_RS01315,-0.19923049
P_OX_plasmid,H6G84_RS01315,-0.11529347
P_p0050_kaiBC,H6G84_RS01315,-0.5265946
P_relA,H6G84_RS01315,0.7870074
P_relA_E335Q,H6G84_RS01315,-0.11849883
P_pAM2991-xylEAB,H6G84_RS01315,-0.18700641
P_pAM2991-galP,H6G84_RS01315,-0.15181859
H6G84_RS12160,H6G84_RS11990,0.14129362
P_rpaA_D53E,H6G84_RS11990,0.15037851
P_OX_plasmid,H6G84_RS11990,0.17671813
P_p0050_kaiBC,H6G84_RS11990,-0.13922085
H6G84_RS03740,H6G84_RS04070,0.15209521
P_rpaA_D53E,H6G84_RS10325,-0.15532582
P_OX_plasmid,H6G84_RS10325,-0.26343963
P_Subjective_dusk,H6G84_RS10325,0.26961163
P_p0050_kaiBC,H6G84_RS10325,-0.23652545
P_rel,H6G84_RS10325,-0.12997894
P_relA_E335Q,H6G84_RS10325,0.4547437
P_rpaA_D53E,H6G84_RS00810,0.16258037
P_OX_plasmid,H6G84_RS00810,0.16651551
H6G84_RS13220,H6G84_RS11685,-0.20506899
H6G84_RS12160,H6G84_RS00730,0.6573063
H6G84_RS05285,H6G84_RS00730,0.4733973
H6G84_RS09525,H6G84_RS00730,0.21534865
H6G84_RS02205,H6G84_RS00730,0.2646281
H6G84_RS11960,H6G84_RS00730,0.18336557
H6G84_RS11200,H6G84_RS00730,0.1381567
H6G84_RS05575,H6G84_RS00730,0.9519699
P_tesA,H6G84_RS00730,0.42161274
P_rpaA_D53E,H6G84_RS00730,-0.53147596
P_Subjective_dawn,H6G84_RS00730,-0.3094432
P_Subjective_dusk,H6G84_RS00730,0.22836886
P_p0050_kaiBC,H6G84_RS00730,-0.3267904
P_rel,H6G84_RS00730,-0.32234564
P_relA,H6G84_RS00730,0.12365738
P_relA_E335Q,H6G84_RS00730,0.19954531
P_sigF,H6G84_RS00730,0.13171628
P_pAM2991-xylEAB,H6G84_RS00730,0.2843442
P_pAM2991-galP,H6G84_RS00730,0.20441838
P_pilB::Tn5,H6G84_RS00730,0.41225183
P_CM,H6G84_RS00730,0.36304456
P_rpaA_D53E,H6G84_RS13475,0.2566379
P_OX_plasmid,H6G84_RS13475,0.30123878
P_p0050_kaiBC,H6G84_RS13475,-0.30056974
H6G84_RS12160,H6G84_RS05725,0.41414577
H6G84_RS05285,H6G84_RS05725,0.11343088
H6G84_RS12820,H6G84_RS05725,0.10539978
H6G84_RS05575,H6G84_RS05725,0.19475643
P_rpaA_D53E,H6G84_RS05725,0.28470758
P_OX_plasmid,H6G84_RS05725,0.23272088
P_Subjective_dusk,H6G84_RS05725,0.10332165
P_p0050_kaiBC,H6G84_RS05725,-0.23987481
P_relA,H6G84_RS05725,0.5466553
P_relA_E335Q,H6G84_RS05725,-0.12892227
H6G84_RS04225,H6G84_RS12560,-0.16151176
H6G84_RS05575,H6G84_RS12560,0.19963373
P_rpaA_D53E,H6G84_RS12560,-0.7904001
P_OX_plasmid,H6G84_RS12560,-0.43741408
P_Subjective_dusk,H6G84_RS12560,0.14874993
P_relA,H6G84_RS12560,0.13022962
P_sigF,H6G84_RS12560,0.15765248
P_OX_plasmid,H6G84_RS07435,-0.15567054
P_relA,H6G84_RS07435,0.107549995
H6G84_RS09745,H6G84_RS09715,-0.14487238
H6G84_RS12160,H6G84_RS09715,0.22596832
H6G84_RS05285,H6G84_RS09715,0.13159704
H6G84_RS05575,H6G84_RS09715,0.15976508
P_Subjective_dawn,H6G84_RS09715,-0.17459685
P_Subjective_dusk,H6G84_RS09715,0.16892184
P_pilB::Tn5,H6G84_RS09715,0.11591689
H6G84_RS09745,H6G84_RS09525,0.120846175
H6G84_RS12160,H6G84_RS09525,0.199548
H6G84_RS00730,H6G84_RS09525,0.21328278
H6G84_RS05575,H6G84_RS09525,0.15856788
P_aas,H6G84_RS09525,-0.11072493
P_tesA,H6G84_RS09525,0.49529403
P_rpaA_D53E,H6G84_RS09525,0.5918298
P_OX_plasmid,H6G84_RS09525,0.4948416
P_Subjective_dawn,H6G84_RS09525,0.19695479
P_Subjective_dusk,H6G84_RS09525,-0.4786615
P_p0050_kaiBC,H6G84_RS09525,-0.2749858
P_rel,H6G84_RS09525,-0.12374614
P_relA,H6G84_RS09525,0.15255721
P_relA_E335Q,H6G84_RS09525,0.39260003
P_sigF,H6G84_RS09525,-1.030144
P_pAM2991-xylEAB,H6G84_RS09525,0.72422624
P_pAM2991-galP,H6G84_RS09525,0.39701188
P_CM,H6G84_RS09525,0.36320573
P_Light(umol_photons_m-2_s-1),H6G84_RS02765,-0.13679506
H6G84_RS12160,H6G84_RS05795,0.2728947
P_OX_plasmid,H6G84_RS05795,0.17472786
P_p0050_kaiBC,H6G84_RS05795,-0.2835837
P_relA,H6G84_RS05795,0.10177478
P_OX_plasmid,H6G84_RS00560,0.10619837
P_p0050_kaiBC,H6G84_RS00560,-0.7837072
P_pAM2991-xylEAB,H6G84_RS00560,-0.11293288
H6G84_RS12160,H6G84_RS08885,0.3712885
H6G84_RS11200,H6G84_RS08885,0.16434588
H6G84_RS05575,H6G84_RS08885,0.15227501
P_rpaA_D53E,H6G84_RS08885,0.18548787
P_OX_plasmid,H6G84_RS08885,0.40813377
P_p0050_kaiBC,H6G84_RS08885,-0.26912323
H6G84_RS05285,H6G84_RS13040,0.16324358
H6G84_RS09525,H6G84_RS13040,-0.115594886
H6G84_RS11960,H6G84_RS13040,-0.22093241
P_tesA,H6G84_RS13040,-0.18818855
P_rpaA_D53E,H6G84_RS13040,-0.10909371
P_OX_plasmid,H6G84_RS13040,-0.35874376
P_Subjective_dusk,H6G84_RS13040,0.39764678
P_p0050_kaiBC,H6G84_RS13040,0.19064307
P_pilB::Tn5,H6G84_RS13040,0.21942168
H6G84_RS12160,H6G84_RS12975,0.27324468
H6G84_RS11960,H6G84_RS12975,0.12248329
H6G84_RS05575,H6G84_RS12975,0.15984558
P_aas,H6G84_RS12975,-0.14402175
P_tesA,H6G84_RS12975,0.5270843
P_kaiBC,H6G84_RS12975,-0.16037121
P_OX_plasmid,H6G84_RS12975,0.38640234
P_p0050_kaiBC,H6G84_RS12975,-0.4069972
P_rel,H6G84_RS12975,-0.5981296
P_relA,H6G84_RS12975,-0.39613315
P_relA_E335Q,H6G84_RS12975,0.91612065
P_sigF,H6G84_RS12975,0.1004249
P_pAM2991-galP,H6G84_RS12975,-0.14607213
P_tesA,H6G84_RS08525,-0.11048644
P_rpaA_D53E,H6G84_RS08525,0.15274338
P_Subjective_dusk,H6G84_RS08525,0.11801055
P_p0050_kaiBC,H6G84_RS08525,-0.42688087
P_relA,H6G84_RS08525,0.54488546
P_pAM2991-xylEAB,H6G84_RS08525,-0.16431978
H6G84_RS12160,H6G84_RS02205,0.49939016
H6G84_RS05285,H6G84_RS02205,0.72394705
H6G84_RS00730,H6G84_RS02205,0.2919559
H6G84_RS11960,H6G84_RS02205,0.19780107
H6G84_RS11200,H6G84_RS02205,0.14412653
H6G84_RS05575,H6G84_RS02205,0.5688907
P_tesA,H6G84_RS02205,0.34070766
P_rpaA,H6G84_RS02205,0.10084752
P_rpaA_D53E,H6G84_RS02205,-0.49015006
P_Subjective_dawn,H6G84_RS02205,-0.58690095
P_Subjective_dusk,H6G84_RS02205,0.23650536
P_p0050_kaiBC,H6G84_RS02205,-0.32971
P_rel,H6G84_RS02205,-0.3454084
P_relA,H6G84_RS02205,0.10825337
P_sigF,H6G84_RS02205,0.23268256
P_pAM2991-xylEAB,H6G84_RS02205,-0.26009998
P_pAM2991-galP,H6G84_RS02205,0.22189279
P_pilB::Tn5,H6G84_RS02205,0.39554042
P_CM,H6G84_RS02205,0.23897944
H6G84_RS05285,H6G84_RS11960,-0.33414644
H6G84_RS09525,H6G84_RS11960,0.61676925
P_tesA,H6G84_RS11960,0.42002094
P_rpaA_D53E,H6G84_RS11960,0.25189784
P_OX_plasmid,H6G84_RS11960,0.622702
P_Subjective_dawn,H6G84_RS11960,0.117699765
P_Subjective_dusk,H6G84_RS11960,-0.14816643
P_p0050_kaiBC,H6G84_RS11960,-0.43618172
P_rel,H6G84_RS11960,-0.11110718
P_relA,H6G84_RS11960,-0.23600957
P_relA_E335Q,H6G84_RS11960,0.14431858
P_sigF,H6G84_RS11960,-0.16149077
P_pAM2991-xylEAB,H6G84_RS11960,0.38715932
P_pAM2991-galP,H6G84_RS11960,0.1421778
P_pilB::Tn5,H6G84_RS11960,0.61086
P_CM,H6G84_RS11960,0.4930667
P_OX_plasmid,H6G84_RS06285,0.117496535
P_p0050_kaiBC,H6G84_RS06285,-0.14504062
H6G84_RS12160,H6G84_RS12820,0.13437606
H6G84_RS09525,H6G84_RS12820,0.13902627
P_tesA,H6G84_RS12820,-0.28536394
P_rpaA_D53E,H6G84_RS12820,0.38352668
P_OX_plasmid,H6G84_RS12820,0.35052684
P_Subjective_dawn,H6G84_RS12820,-0.12984018
P_Subjective_dusk,H6G84_RS12820,0.3856176
P_p0050_kaiBC,H6G84_RS12820,0.19311452
P_relA,H6G84_RS12820,0.26686484
P_relA_E335Q,H6G84_RS12820,-0.5291131
P_sigF,H6G84_RS12820,-0.38327354
P_pilB::Tn5,H6G84_RS12820,0.18030511
H6G84_RS12160,H6G84_RS02020,-0.11041964
H6G84_RS09525,H6G84_RS02020,-0.27101365
H6G84_RS11200,H6G84_RS02020,-0.14007524
P_tesA,H6G84_RS02020,0.39467913
P_rpaA_D53E,H6G84_RS02020,-0.40853593
P_p0050_kaiBC,H6G84_RS02020,-0.81719786
P_rel,H6G84_RS02020,-0.19893624
P_relA,H6G84_RS02020,0.10903851
P_relA_E335Q,H6G84_RS02020,0.11874438
P_sigF,H6G84_RS02020,0.16023341
P_pAM2991-galP,H6G84_RS02020,-0.2159961
P_pilB::Tn5,H6G84_RS02020,0.24536434
P_CM,H6G84_RS02020,0.22559075
H6G84_RS12160,H6G84_RS04505,0.20550369
H6G84_RS05285,H6G84_RS04505,0.24790764
H6G84_RS05575,H6G84_RS04505,0.135156
P_p0050_kaiBC,H6G84_RS04505,-0.16070323
P_relA,H6G84_RS04505,0.12630738
H6G84_RS04855,H6G84_RS13470,0.102328986
H6G84_RS12160,H6G84_RS13470,0.17108646
H6G84_RS11960,H6G84_RS13470,0.14672121
H6G84_RS12820,H6G84_RS13470,0.104580045
H6G84_RS11200,H6G84_RS13470,0.14061947
P_rpaA_D53E,H6G84_RS13470,0.18867338
P_OX_plasmid,H6G84_RS13470,0.33041507
P_p0050_kaiBC,H6G84_RS13470,-0.29724228
P_relA,H6G84_RS13470,0.116684616
P_Light(umol_photons_m-2_s-1),H6G84_RS00820,0.15186216
P_Light(umol_photons_m-2_s-1),H6G84_RS13300,0.20850335
H6G84_RS12160,H6G84_RS11200,0.15991096
H6G84_RS09525,H6G84_RS11200,0.16759282
P_tesA,H6G84_RS11200,-0.37926087
P_rpaA_D53E,H6G84_RS11200,0.38290957
P_OX_plasmid,H6G84_RS11200,0.49498847
P_Subjective_dawn,H6G84_RS11200,-0.4314071
P_p0050_kaiBC,H6G84_RS11200,-0.32175413
P_rel,H6G84_RS11200,-0.7070203
P_pAM2991-xylEAB,H6G84_RS11200,0.6050865
P_pAM2991-galP,H6G84_RS11200,0.44598833
P_pilB::Tn5,H6G84_RS11200,-0.32218733
H6G84_RS09745,H6G84_RS05575,0.118476406
H6G84_RS12160,H6G84_RS05575,0.58045954
H6G84_RS05285,H6G84_RS05575,0.81391245
H6G84_RS00730,H6G84_RS05575,0.3270104
H6G84_RS09525,H6G84_RS05575,0.23299447
H6G84_RS12975,H6G84_RS05575,0.12544848
H6G84_RS02205,H6G84_RS05575,0.35307407
H6G84_RS11960,H6G84_RS05575,0.18836789
P_aas,H6G84_RS05575,-0.11725322
P_tesA,H6G84_RS05575,0.66845536
P_rpaA_D53E,H6G84_RS05575,-0.63044375
P_OX_plasmid,H6G84_RS05575,0.18807296
P_Subjective_dawn,H6G84_RS05575,-0.60820925
P_Subjective_dusk,H6G84_RS05575,0.70589566
P_p0050_kaiBC,H6G84_RS05575,-0.70230114
P_rel,H6G84_RS05575,-0.48907846
P_relA,H6G84_RS05575,0.17843106
P_relA_E335Q,H6G84_RS05575,0.76393193
P_sigF,H6G84_RS05575,0.14444858
P_pAM2991-galP,H6G84_RS05575,0.27598712
P_pilB::Tn5,H6G84_RS05575,0.5404557
P_CM,H6G84_RS05575,0.4634266
P_Light(umol_photons_m-2_s-1),H6G84_RS02950,-0.11264417
H6G84_RS12160,H6G84_RS02410,0.3602794
H6G84_RS05575,H6G84_RS02410,0.11095194
P_tesA,H6G84_RS02410,-0.1805631
P_rpaA_D53E,H6G84_RS02410,0.28217906
P_OX_plasmid,H6G84_RS02410,0.5639499
P_p0050_kaiBC,H6G84_RS02410,-0.24791461
P_pilB::Tn5,H6G84_RS02410,0.1274018
H6G84_RS12975,H6G84_RS10655,-0.1375312
P_tesA,H6G84_RS10655,-0.19771788
P_p0050_kaiBC,H6G84_RS10655,-0.45290732
P_rel,H6G84_RS10655,0.20544638
P_relA,H6G84_RS10655,0.7832171
H6G84_RS13220,H6G84_RS04975,0.18255347
H6G84_RS09745,H6G84_RS06980,0.10936131
H6G84_RS12160,H6G84_RS06980,0.114266604
P_OX_plasmid,H6G84_RS06980,0.17015989
P_p0050_kaiBC,H6G84_RS06980,-0.96050256
P_relA_E335Q,H6G84_RS06980,0.11219863
H6G84_RS12160,H6G84_RS07445,0.2542401
P_rpaA_D53E,H6G84_RS07445,0.20942497
P_OX_plasmid,H6G84_RS07445,0.3471995
P_p0050_kaiBC,H6G84_RS07445,-0.22589485
H6G84_RS05575,H6G84_RS04365,0.14786
P_tesA,H6G84_RS04365,-0.15047157
P_p0050_kaiBC,H6G84_RS04365,-0.23102877
P_relA,H6G84_RS04365,0.102949984
P_Light(umol_photons_m-2_s-1),H6G84_RS05805,0.2932526
H6G84_RS12160,H6G84_RS01645,-0.14531253
H6G84_RS05575,H6G84_RS01645,-0.28316304
P_rpaA_D53E,H6G84_RS01645,0.18804187
P_OX_plasmid,H6G84_RS01645,0.3823581
P_p0050_kaiBC,H6G84_RS01645,-0.49278903
P_relA,H6G84_RS01645,0.11308556
P_pilB::Tn5,H6G84_RS01645,-0.10642881
P_Light(umol_photons_m-2_s-1),H6G84_RS11285,0.35004908
H6G84_RS03180,H6G84_RS01390,0.114611976
H6G84_RS05575,H6G84_RS01390,0.17410815
P_tesA,H6G84_RS01390,0.21316619
P_rpaA_D53E,H6G84_RS01390,-0.27626917
P_OX_plasmid,H6G84_RS01390,-0.12652682
P_p0050_kaiBC,H6G84_RS01390,-0.7867655
P_relA,H6G84_RS01390,0.15847838
H6G84_RS12160,H6G84_RS08975,0.27145052
H6G84_RS09500,H6G84_RS08975,0.16875936
H6G84_RS12975,H6G84_RS08975,0.112413295
H6G84_RS11960,H6G84_RS08975,0.104807705
H6G84_RS11200,H6G84_RS08975,0.25463375
H6G84_RS05575,H6G84_RS08975,0.11162602
P_tesA,H6G84_RS08975,-0.41219583
P_OX_plasmid,H6G84_RS08975,0.24012709
P_p0050_kaiBC,H6G84_RS08975,-0.27542347
P_relA,H6G84_RS08975,-0.22621939
P_relA_E335Q,H6G84_RS08975,0.5569567
P_pilB::Tn5,H6G84_RS08975,0.3577087
P_p0050_kaiBC,H6G84_RS06645,-0.26440743
P_relA_E335Q,H6G84_RS06645,0.10321605
P_OX_plasmid,H6G84_RS06185,0.19893855
P_p0050_kaiBC,H6G84_RS06185,0.24195242
P_pilB::Tn5,H6G84_RS06185,0.16110042
H6G84_RS05285,H6G84_RS12555,0.1841574
H6G84_RS09525,H6G84_RS12555,-0.19251028
P_tesA,H6G84_RS12555,-0.12696089
P_OX_plasmid,H6G84_RS12555,-0.34800422
P_Subjective_dawn,H6G84_RS12555,-0.27540252
P_Subjective_dusk,H6G84_RS12555,0.123116665
P_p0050_kaiBC,H6G84_RS12555,0.37780902
P_rel,H6G84_RS12555,-0.14424397
P_relA,H6G84_RS12555,0.2741412
H6G84_RS09745,0,0.5013424
H6G84_RS03740,0,0.11474376
H6G84_RS12810,0,0.27209917
H6G84_RS12160,0,0.40881872
H6G84_RS04575,0,-0.13445252
H6G84_RS09500,0,0.13800535
H6G84_RS13220,0,0.17554499
H6G84_RS12285,0,0.16267589
H6G84_RS01315,0,0.11860535
H6G84_RS09525,0,0.3408144
H6G84_RS00560,0,0.19344346
H6G84_RS11960,0,0.36059618
H6G84_RS02020,0,0.37630698
H6G84_RS11200,0,0.1889121
H6G84_RS05575,0,0.16254438
H6G84_RS06980,0,0.38294134
H6G84_RS01390,0,0.2757185
H6G84_RS04855,1,-0.10434613
H6G84_RS05285,1,0.19575766
H6G84_RS13220,1,-0.28033012
H6G84_RS00730,1,0.12731749
H6G84_RS09525,1,-0.1596416
H6G84_RS02205,1,0.12986271
H6G84_RS05575,1,0.2579591
H6G84_RS04855,2,-0.72782266
H6G84_RS09745,2,-0.7825179
H6G84_RS05250,2,-0.30794716
H6G84_RS03180,2,0.5055538
H6G84_RS07065,2,-0.16706817
H6G84_RS12810,2,-0.16696335
H6G84_RS04225,2,-0.5053126
H6G84_RS09975,2,-0.1561373
H6G84_RS05285,2,0.97249144
H6G84_RS13220,2,0.30766755
H6G84_RS00730,2,0.37424496
H6G84_RS12560,2,0.19667278
H6G84_RS09525,2,-0.90342385
H6G84_RS00560,2,-0.19935903
H6G84_RS12975,2,0.111079164
H6G84_RS02205,2,0.34663242
H6G84_RS05575,2,0.30028296
H6G84_RS06980,2,-0.3361295
H6G84_RS01645,2,-0.16009924
H6G84_RS04855,3,-0.17222223
H6G84_RS09745,3,-0.3253172
H6G84_RS12810,3,-0.29121333
H6G84_RS12160,3,-0.5595504
H6G84_RS09500,3,-0.127745
H6G84_RS04225,3,-0.11462177
H6G84_RS05285,3,-0.31446877
H6G84_RS13220,3,-0.32194832
H6G84_RS12285,3,-0.16842793
H6G84_RS01315,3,-0.1031696
H6G84_RS00730,3,-0.15960169
H6G84_RS09525,3,-0.38960853
H6G84_RS00560,3,-0.23770212
H6G84_RS12975,3,-0.11682891
H6G84_RS02205,3,-0.16374964
H6G84_RS11960,3,-0.12770095
H6G84_RS02020,3,-0.36848474
H6G84_RS11200,3,-0.36269456
H6G84_RS05575,3,-0.43941873
H6G84_RS06980,3,-0.47784913
H6G84_RS01390,3,-0.31945574
H6G84_RS04855,5,-0.116963245
H6G84_RS09745,5,-0.26411083
H6G84_RS12160,5,-0.39449394
H6G84_RS05285,5,0.10407638
H6G84_RS13220,5,0.43745175
H6G84_RS00730,5,-0.31338248
H6G84_RS09525,5,-0.4548382
H6G84_RS11960,5,-0.34113824
H6G84_RS02020,5,-0.1206641
H6G84_RS05575,5,-0.40855047
H6G84_RS09745,6,-0.24696352
H6G84_RS03740,6,0.10578785
H6G84_RS12160,6,-0.2508244
H6G84_RS03495,6,-0.1494882
H6G84_RS05285,6,-0.16132356
H6G84_RS09205,6,0.18475214
H6G84_RS13220,6,0.35526538
H6G84_RS02710,6,0.11366513
H6G84_RS12285,6,-0.14133881
H6G84_RS10325,6,-0.12438699
H6G84_RS09525,6,-0.12545998
H6G84_RS12975,6,-0.5338292
H6G84_RS11960,6,-0.1432717
H6G84_RS12820,6,0.22964984
H6G84_RS02020,6,-0.25100848
H6G84_RS11200,6,-0.10640424
H6G84_RS05575,6,-0.14286357
H6G84_RS10655,6,0.12469369
H6G84_RS06980,6,-0.12052796
H6G84_RS01390,6,-0.10471173
H6G84_RS08975,6,-0.19956103
H6G84_RS04855,7,0.13000257
H6G84_RS09745,7,0.14205381
H6G84_RS03180,7,-0.10425532
H6G84_RS12160,7,-0.11774834
H6G84_RS04225,7,0.10216941
H6G84_RS05285,7,-0.119748354
H6G84_RS09205,7,-0.5122514
H6G84_RS13220,7,0.35018623
H6G84_RS02710,7,-0.18677552
H6G84_RS01315,7,-0.2800027
H6G84_RS05725,7,-0.116199195
H6G84_RS09525,7,0.14440486
H6G84_RS12975,7,0.13431764
H6G84_RS08525,7,-0.14934365
H6G84_RS02205,7,-0.110922925
H6G84_RS05575,7,-0.10992141
H6G84_RS10655,7,-0.3068531
H6G84_RS04855,8,0.1327959
H6G84_RS09745,8,-0.4499471
H6G84_RS08505,8,-0.13196947
H6G84_RS12810,8,-0.4163266
H6G84_RS12160,8,0.41727936
H6G84_RS04575,8,0.29299766
H6G84_RS02855,8,-0.1448722
H6G84_RS09500,8,-0.12904821
H6G84_RS05285,8,0.15563627
H6G84_RS03075,8,-0.17183538
H6G84_RS13220,8,-0.24502964
H6G84_RS12285,8,-0.229735
H6G84_RS01315,8,-0.23019516
H6G84_RS00730,8,0.16915612
H6G84_RS09525,8,0.20835556
H6G84_RS00560,8,-0.3543831
H6G84_RS08525,8,-0.13338053
H6G84_RS02205,8,0.14653179
H6G84_RS12820,8,0.3241447
H6G84_RS02020,8,-0.48719934
H6G84_RS11200,8,-0.20174268
H6G84_RS05575,8,0.3109394
H6G84_RS10655,8,-0.15822917
H6G84_RS06980,8,-0.4936098
H6G84_RS01645,8,-0.21456675
H6G84_RS01390,8,-0.42446506
H6G84_RS04855,10,-0.16133653
H6G84_RS09745,10,-0.1517542
H6G84_RS12160,10,-0.7533573
H6G84_RS04575,10,-0.12400961
H6G84_RS10470,10,-0.11388046
H6G84_RS09500,10,-0.11006541
H6G84_RS09205,10,0.16397439
H6G84_RS12550,10,0.11460218
H6G84_RS01315,10,0.15784809
H6G84_RS00730,10,-0.14065291
H6G84_RS09525,10,-0.69659096
H6G84_RS08885,10,-0.11782693
H6G84_RS12975,10,-0.27181238
H6G84_RS11960,10,-0.508827
H6G84_RS11200,10,-0.49660406
H6G84_RS05575,10,-0.2660544
H6G84_RS10655,10,0.11242731
H6G84_RS08975,10,-0.20735332
H6G84_RS09745,11,-0.567306
H6G84_RS07065,11,0.19487888
H6G84_RS12810,11,-0.23981361
H6G84_RS12160,11,0.24110645
H6G84_RS09500,11,-0.23889461
H6G84_RS05285,11,0.71074456
H6G84_RS13220,11,0.49146935
H6G84_RS12285,11,-0.2791102
H6G84_RS09525,11,-0.48404294
H6G84_RS00560,11,-0.21165098
H6G84_RS02205,11,0.122430034
H6G84_RS11960,11,-0.5022106
H6G84_RS02020,11,-0.3534374
H6G84_RS11200,11,0.37222046
H6G84_RS06980,11,-0.33939305
H6G84_RS01390,11,-0.22804193
H6G84_RS08975,11,-0.122527786
H6G84_RS09745,12,0.13307336
H6G84_RS12160,12,-0.6297746
H6G84_RS10470,12,-0.15498833
H6G84_RS05285,12,-0.39735705
H6G84_RS00730,12,-0.22501974
H6G84_RS05725,12,-0.16491717
H6G84_RS02205,12,-0.17481028
H6G84_RS12820,12,-0.11066645
H6G84_RS11200,12,-0.32854998
H6G84_RS05575,12,-0.5349404
H6G84_RS04855,13,0.17735174
H6G84_RS03740,13,0.10567207
H6G84_RS03180,13,-0.10379317
H6G84_RS12810,13,-0.1303719
H6G84_RS04575,13,0.24841025
H6G84_RS04225,13,0.12462285
H6G84_RS05285,13,-0.19261573
H6G84_RS09205,13,-0.21000625
H6G84_RS03075,13,-0.14587729
H6G84_RS13220,13,0.14398645
H6G84_RS01315,13,-0.26624912
H6G84_RS12560,13,-0.100765295
H6G84_RS09525,13,0.32194528
H6G84_RS08525,13,-0.10814384
H6G84_RS11960,13,0.20912789
H6G84_RS12820,13,0.15277986
H6G84_RS02020,13,-0.32071337
H6G84_RS05575,13,-0.1371535
H6G84_RS10655,13,-0.16276576
H6G84_RS06980,13,-0.16635607
H6G84_RS01390,13,-0.20952842
H6G84_RS09745,14,0.25643507
H6G84_RS12160,14,-0.2842055
H6G84_RS05285,14,-0.3399852
H6G84_RS09205,14,-0.14558892
H6G84_RS13220,14,0.23636293
H6G84_RS00730,14,-0.22075652
H6G84_RS09525,14,0.1417116
H6G84_RS12975,14,0.16912517
H6G84_RS02205,14,-0.22653607
H6G84_RS12820,14,-0.10094148
H6G84_RS05575,14,-0.41083035
H6G84_RS03740,15,0.13078597
H6G84_RS12160,15,0.16200808
H6G84_RS13220,15,0.20476551
H6G84_RS04855,16,-0.15861534
H6G84_RS09745,16,-0.213127
H6G84_RS09500,16,-0.20999253
H6G84_RS05285,16,0.3220042
H6G84_RS09205,16,0.1883515
H6G84_RS13220,16,-0.26300567
H6G84_RS05575,16,0.15854669
H6G84_RS03740,17,0.10802458
H6G84_RS12160,17,-0.49857727
H6G84_RS05285,17,-0.36303607
H6G84_RS13220,17,0.13925388
H6G84_RS00730,17,-0.24918322
H6G84_RS02205,17,-0.21496241
H6G84_RS05575,17,-0.5842919
H6G84_RS09745,18,0.2485602
H6G84_RS12810,18,0.2314005
H6G84_RS12160,18,-0.13546494
H6G84_RS09205,18,0.26434693
H6G84_RS03075,18,0.12046667
H6G84_RS13220,18,0.2749326
H6G84_RS02710,18,0.1485462
H6G84_RS12285,18,0.16148175
H6G84_RS01315,18,0.27495855
H6G84_RS00730,18,-0.22567713
H6G84_RS09525,18,-0.10023617
H6G84_RS00560,18,0.1808134
H6G84_RS08525,18,0.1551009
H6G84_RS02205,18,-0.116885774
H6G84_RS02020,18,0.3072188
H6G84_RS05575,18,-0.31561726
H6G84_RS10655,18,0.22846967
H6G84_RS06980,18,0.3198355
H6G84_RS01390,18,0.21093577
H6G84_RS09745,21,0.3883734
H6G84_RS12160,21,-0.25575078
H6G84_RS09500,21,0.22195663
H6G84_RS05285,21,-0.7333568
H6G84_RS13220,21,-0.32968968
H6G84_RS09525,21,0.10302728
H6G84_RS02205,21,-0.19971673
H6G84_RS11960,21,0.20610283
H6G84_RS05575,21,-0.27846545
H6G84_RS06980,21,0.13741823
H6G84_RS01390,21,0.11231366
H6G84_RS08975,21,0.113229446
H6G84_RS12485,23,-0.27584556
H6G84_RS03740,23,1.0713965
H6G84_RS12160,23,-0.45841506
H6G84_RS11420,23,0.12421576
H6G84_RS13220,23,2.5025346
H6G84_RS02765,23,-0.18474063
H6G84_RS08765,23,-0.14513777
H6G84_RS03360,23,-0.10537495
H6G84_RS11960,23,-0.30051777
H6G84_RS12820,23,-0.13374014
H6G84_RS04975,23,0.726195
H6G84_RS03975,23,-0.21324891
H6G84_RS04855,24,-0.120650925
H6G84_RS09745,24,-0.52220076
H6G84_RS05285,24,0.6662577
H6G84_RS13220,24,0.31747273
H6G84_RS09525,24,-0.45723143
H6G84_RS02205,24,0.1397201
H6G84_RS11960,24,-0.26409772
H6G84_RS12820,24,0.1267887
H6G84_RS02020,24,-0.15968087
H6G84_RS06980,24,-0.16621347
H6G84_RS09745,25,0.74451834
H6G84_RS03740,25,0.114220574
H6G84_RS08505,25,0.12509525
H6G84_RS12810,25,0.56514186
H6G84_RS04575,25,-0.16065945
H6G84_RS02855,25,0.116309315
H6G84_RS09500,25,0.2569279
H6G84_RS05285,25,-0.11749562
H6G84_RS13220,25,0.33221492
H6G84_RS12285,25,0.29310885
H6G84_RS01315,25,0.17572749
H6G84_RS09525,25,0.26182592
H6G84_RS00560,25,0.44197294
H6G84_RS11960,25,0.3926995
H6G84_RS12820,25,-0.14327286
H6G84_RS02020,25,0.7181886
H6G84_RS11200,25,0.110201985
H6G84_RS10655,25,0.14299805
H6G84_RS06980,25,0.719056
H6G84_RS01645,25,0.21093045
H6G84_RS01390,25,0.58659804
H6G84_RS12555,25,-0.18919687
H6G84_RS04855,26,-0.20240529
H6G84_RS02260,26,-0.10021369
H6G84_RS03180,26,0.11546404
H6G84_RS12160,26,-0.6181639
H6G84_RS03615,26,-0.10835025
H6G84_RS03495,26,-0.11330941
H6G84_RS04575,26,-0.22610448
H6G84_RS10470,26,-0.24520372
H6G84_RS09500,26,-0.10071823
H6G84_RS04225,26,-0.1419921
H6G84_RS09975,26,-0.10573218
H6G84_RS05285,26,-0.31658953
H6G84_RS13220,26,0.18163194
H6G84_RS08775,26,-0.10665429
H6G84_RS12285,26,-0.10195176
H6G84_RS00730,26,-0.16200027
H6G84_RS05725,26,-0.109869815
H6G84_RS12975,26,-0.23384817
H6G84_RS02205,26,-0.10124476
H6G84_RS11960,26,-0.22953653
H6G84_RS12820,26,-0.1306559
H6G84_RS11200,26,-0.3889213
H6G84_RS05575,26,-0.2979118
H6G84_RS02410,26,-0.15880652
H6G84_RS08975,26,-0.24212714
H6G84_RS04855,27,-0.1848612
H6G84_RS03180,27,0.13289379
H6G84_RS04225,27,-0.14227803
H6G84_RS05285,27,0.25051218
H6G84_RS13220,27,-0.24358961
H6G84_RS00730,27,0.13331643
H6G84_RS02205,27,0.11134717
H6G84_RS05575,27,0.24765445
H6G84_RS12160,28,0.29176286
H6G84_RS00730,28,0.17810026
H6G84_RS09525,28,0.2883148
H6G84_RS11960,28,0.362729
H6G84_RS05575,28,0.24881235
H6G84_RS09745,29,0.2035184
H6G84_RS12160,29,-0.5933875
H6G84_RS03615,29,-0.15599556
H6G84_RS10470,29,-0.22888416
H6G84_RS05285,29,-0.4687359
H6G84_RS08775,29,-0.18970262
H6G84_RS00730,29,-0.22543254
H6G84_RS05725,29,-0.22412245
H6G84_RS08885,29,-0.1061677
H6G84_RS02205,29,-0.17575818
H6G84_RS11960,29,0.105252996
H6G84_RS12820,29,-0.14161171
H6G84_RS11200,29,-0.34706312
H6G84_RS05575,29,-0.48473313
H6G84_RS08975,29,-0.14218365
H6G84_RS04855,30,0.16584116
H6G84_RS09745,30,0.14025743
H6G84_RS03180,30,-0.101809844
H6G84_RS04225,30,0.112712696
H6G84_RS05285,30,-0.22258605
H6G84_RS09205,30,-0.19187187
H6G84_RS01315,30,-0.10836582
H6G84_RS05575,30,-0.16658708
H6G84_RS04855,31,0.36475605
H6G84_RS05250,31,0.1383839
H6G84_RS03180,31,-0.26952145
H6G84_RS07065,31,0.101722166
H6G84_RS12160,31,0.29651904
H6G84_RS03495,31,-0.15796639
H6G84_RS04575,31,0.14619692
H6G84_RS10470,31,0.12316745
H6G84_RS09500,31,-0.10512553
H6G84_RS04225,31,0.28964344
H6G84_RS09975,31,0.15494435
H6G84_RS12045,31,0.12334675
H6G84_RS09205,31,0.30217448
H6G84_RS13220,31,0.2793618
H6G84_RS02710,31,0.14358619
H6G84_RS01315,31,0.18067214
H6G84_RS00730,31,-0.2136166
H6G84_RS05725,31,0.13897468
H6G84_RS12560,31,-0.120148756
H6G84_RS12975,31,-0.4004892
H6G84_RS08525,31,0.117835976
H6G84_RS12820,31,0.27650526
H6G84_RS02020,31,-0.1907073
H6G84_RS10655,31,0.1804588
H6G84_RS01390,31,-0.101601854
H6G84_RS08975,31,-0.17483859
H6G84_RS04855,32,-0.27242428
H6G84_RS09745,32,-0.24422579
H6G84_RS03740,32,-0.11680735
H6G84_RS03180,32,0.1583659
H6G84_RS12810,32,-0.22553706
H6G84_RS12160,32,-0.3733348
H6G84_RS09500,32,-0.13175248
H6G84_RS04225,32,-0.19895102
H6G84_RS09205,32,-0.17934102
H6G84_RS13220,32,-0.39921984
H6G84_RS12285,32,-0.12988213
H6G84_RS01315,32,-0.11731716
H6G84_RS09525,32,-0.40423396
H6G84_RS00560,32,-0.19192432
H6G84_RS12975,32,0.18749325
H6G84_RS12820,32,-0.10602583
H6G84_RS02020,32,-0.15707594
H6G84_RS11200,32,-0.18871178
H6G84_RS05575,32,-0.10459815
H6G84_RS10655,32,-0.14786734
H6G84_RS06980,32,-0.34206074
H6G84_RS01645,32,-0.1390784
H6G84_RS01390,32,-0.22232692
H6G84_RS04855,33,-0.14074993
H6G84_RS09745,33,0.23529273
H6G84_RS05250,33,-0.10229429
H6G84_RS03180,33,0.25363076
H6G84_RS12810,33,0.20750546
H6G84_RS12160,33,0.14887062
H6G84_RS04575,33,-0.108846426
H6G84_RS04225,33,-0.12469262
H6G84_RS05285,33,0.19452475
H6G84_RS13220,33,-0.52206093
H6G84_RS00730,33,0.1380467
H6G84_RS00560,33,0.19872764
H6G84_RS12975,33,0.21590196
H6G84_RS11960,33,0.16333303
H6G84_RS12820,33,-0.112390965
H6G84_RS02020,33,0.38834098
H6G84_RS11200,33,-0.17165734
H6G84_RS05575,33,0.3085171
H6G84_RS06980,33,0.3958773
H6G84_RS01645,33,0.12969944
H6G84_RS01390,33,0.3312611
H6G84_RS04855,35,0.184392
H6G84_RS03180,35,-0.107841894
H6G84_RS12160,35,0.19721043
H6G84_RS04225,35,0.14369026
H6G84_RS05285,35,0.36655143
H6G84_RS00730,35,-0.11192842
H6G84_RS09525,35,0.14546023
H6G84_RS11200,35,0.29843572
H6G84_RS04855,36,0.18274817
H6G84_RS09745,36,-0.14388335
H6G84_RS05250,36,0.13792463
H6G84_RS03180,36,-0.14497174
H6G84_RS12160,36,-0.24661088
H6G84_RS03615,36,0.12440348
H6G84_RS04575,36,0.15598293
H6G84_RS04225,36,0.1708866
H6G84_RS09975,36,0.12538685
H6G84_RS05285,36,0.25260058
H6G84_RS13220,36,0.9860134
H6G84_RS12550,36,0.13089886
H6G84_RS12285,36,0.13303326
H6G84_RS01315,36,0.11117524
H6G84_RS00730,36,-0.424681
H6G84_RS12560,36,-0.14816694
H6G84_RS09525,36,-0.3882013
H6G84_RS12975,36,0.22035086
H6G84_RS02205,36,-0.29595706
H6G84_RS11960,36,-0.3849801
H6G84_RS05575,36,-0.43464586
H6G84_RS04855,37,0.326304
H6G84_RS05250,37,0.15594196
H6G84_RS03180,37,-0.28870398
H6G84_RS12810,37,-0.28666744
H6G84_RS12160,37,0.12071647
H6G84_RS04575,37,0.23195451
H6G84_RS09500,37,-0.10616271
H6G84_RS04225,37,0.26174122
H6G84_RS09975,37,0.118585594
H6G84_RS05285,37,-0.19841965
H6G84_RS09205,37,-0.10497725
H6G84_RS03075,37,-0.15769804
H6G84_RS13220,37,0.21189691
H6G84_RS12285,37,-0.16340183
H6G84_RS01315,37,-0.12911339
H6G84_RS12560,37,-0.17106724
H6G84_RS09525,37,0.5160127
H6G84_RS00560,37,-0.25380695
H6G84_RS12975,37,0.15316032
H6G84_RS12820,37,0.13812032
H6G84_RS02020,37,-0.39408845
H6G84_RS10655,37,-0.12918596
H6G84_RS06980,37,-0.31328896
H6G84_RS01390,37,-0.3846867
H6G84_RS09525,38,-0.12514268
H6G84_RS11960,38,-0.14354326
H6G84_RS04855,40,-0.32616588
H6G84_RS09745,40,-0.4761134
H6G84_RS03180,40,0.2234514
H6G84_RS12160,40,-0.113171875
H6G84_RS04225,40,-0.15037769
H6G84_RS05285,40,0.6702289
H6G84_RS13220,40,0.60802495
H6G84_RS00730,40,-0.17914253
H6G84_RS09525,40,-0.7595274
H6G84_RS02205,40,0.13076404
H6G84_RS11960,40,-0.15795156
H6G84_RS05575,40,-0.16362648
H6G84_RS04855,41,0.27991474
H6G84_RS09745,41,-0.20224446
H6G84_RS03740,41,0.11892738
H6G84_RS05250,41,0.16419296
H6G84_RS03180,41,-0.256433
H6G84_RS07065,41,-0.1900459
H6G84_RS12160,41,-0.10839376
H6G84_RS03615,41,0.103708595
H6G84_RS04575,41,0.18268616
H6G84_RS10470,41,0.12185272
H6G84_RS09500,41,0.20308982
H6G84_RS04225,41,0.25914302
H6G84_RS09975,41,0.15505114
H6G84_RS05285,41,0.29298443
H6G84_RS13220,41,0.40842703
H6G84_RS12285,41,0.15413752
H6G84_RS01315,41,0.14048353
H6G84_RS00730,41,-0.1746283
H6G84_RS12560,41,-0.19685082
H6G84_RS12975,41,-0.34165797
H6G84_RS08525,41,0.1421178
H6G84_RS12820,41,0.1884559
H6G84_RS02020,41,-0.24728824
H6G84_RS10655,41,0.15508416
H6G84_RS06980,41,-0.12147148
H6G84_RS01390,41,-0.23398152
H6G84_RS12160,42,0.72275627
H6G84_RS03615,42,0.11418479
H6G84_RS10470,42,0.166134
H6G84_RS05285,42,0.350039
H6G84_RS08775,42,0.1469048
H6G84_RS00730,42,0.26539135
H6G84_RS05725,42,0.16467313
H6G84_RS08885,42,0.107807375
H6G84_RS02205,42,0.2110924
H6G84_RS11200,42,0.27360192
H6G84_RS05575,42,0.5855585
H6G84_RS08975,42,0.111316375
H6G84_RS13220,43,0.10226042
H6G84_RS04855,44,0.19200994
H6G84_RS09745,44,0.10547438
H6G84_RS05250,44,0.10700232
H6G84_RS03180,44,-0.1651775
H6G84_RS12160,44,-0.61075366
H6G84_RS03495,44,-0.12013712
H6G84_RS04225,44,0.13113898
H6G84_RS05285,44,-1.1780434
H6G84_RS13220,44,0.539401
H6G84_RS12285,44,-0.12795857
H6G84_RS00730,44,-0.49883017
H6G84_RS12560,44,-0.11043714
H6G84_RS09525,44,0.2691592
H6G84_RS12975,44,-0.4291668
H6G84_RS02205,44,-0.62849444
H6G84_RS02020,44,-0.3227451
H6G84_RS11200,44,-0.12850237
H6G84_RS05575,44,-0.9313711
H6G84_RS06980,44,-0.19698203
H6G84_RS01390,44,-0.20246044
H6G84_RS12810,45,-0.14142455
H6G84_RS12160,45,-0.15655121
H6G84_RS03495,45,-0.15278147
H6G84_RS05285,45,-1.0860587
H6G84_RS09205,45,-0.12673731
H6G84_RS13220,45,-0.3297495
H6G84_RS12285,45,-0.11249947
H6G84_RS01315,45,-0.110680215
H6G84_RS00730,45,0.16946541
H6G84_RS09525,45,0.16904674
H6G84_RS00560,45,-0.15131904
H6G84_RS12975,45,-0.10378243
H6G84_RS02205,45,-0.14689738
H6G84_RS11960,45,0.17081532
H6G84_RS02020,45,-0.16510797
H6G84_RS11200,45,-0.15688224
H6G84_RS05575,45,-0.1903627
H6G84_RS10655,45,-0.10278878
H6G84_RS06980,45,-0.36194372
H6G84_RS01390,45,-0.14687009
H6G84_RS09745,46,-0.5868947
H6G84_RS03740,46,0.114669904
H6G84_RS12810,46,-0.21308023
H6G84_RS12160,46,0.1861098
H6G84_RS04575,46,0.19020514
H6G84_RS05285,46,0.39012203
H6G84_RS13220,46,0.28517866
H6G84_RS12285,46,-0.11451362
H6G84_RS01315,46,-0.107877
H6G84_RS09525,46,-0.29936212
H6G84_RS00560,46,-0.14529411
H6G84_RS11960,46,-0.30863056
H6G84_RS12820,46,0.21257819
H6G84_RS02020,46,-0.4328027
H6G84_RS11200,46,0.12535249
H6G84_RS06980,46,-0.30848277
H6G84_RS01390,46,-0.26827794
H6G84_RS13220,47,-0.14976749
H6G84_RS04855,48,-0.3063674
H6G84_RS09745,48,-0.42671332
H6G84_RS03180,48,0.12225795
H6G84_RS12160,48,-0.3150149
H6G84_RS03495,48,0.14422084
H6G84_RS04575,48,0.1022935
H6G84_RS09500,48,0.12884012
H6G84_RS04225,48,-0.1431052
H6G84_RS05285,48,0.4300429
H6G84_RS13220,48,0.5457629
H6G84_RS01315,48,-0.113300495
H6G84_RS00730,48,-0.15182008
H6G84_RS09525,48,-0.576481
H6G84_RS12975,48,-0.13480097
H6G84_RS11960,48,-0.12194845
H6G84_RS02020,48,-0.14068054
H6G84_RS11200,48,0.16565263
H6G84_RS05575,48,-0.23006909
H6G84_RS06980,48,-0.19101675
H6G84_RS01390,48,-0.11294701
H6G84_RS08975,48,0.1193817
H6G84_RS04855,49,-0.5719083
H6G84_RS09745,49,-0.4995139
H6G84_RS05250,49,-0.1475395
H6G84_RS03180,49,0.45499778
H6G84_RS12160,49,-0.40161932
H6G84_RS03495,49,0.1033255
H6G84_RS09500,49,0.17596595
H6G84_RS04225,49,-0.37872475
H6G84_RS05285,49,0.5958658
H6G84_RS13220,49,0.32112142
H6G84_RS08775,49,0.10047339
H6G84_RS12285,49,0.22867498
H6G84_RS12560,49,0.13541216
H6G84_RS09525,49,-0.9644944
H6G84_RS02205,49,0.27557054
H6G84_RS11960,49,-0.34418535
H6G84_RS11200,49,-0.25335452
H6G84_RS05575,49,0.14408888
H6G84_RS08975,49,0.15194497
H6G84_RS04855,50,0.18129556
H6G84_RS09745,50,-0.16582516
H6G84_RS05250,50,0.1144235
H6G84_RS03180,50,-0.19129482
H6G84_RS12160,50,-0.38762632
H6G84_RS03495,50,0.11203738
H6G84_RS04225,50,0.14077847
H6G84_RS05285,50,-0.7599063
H6G84_RS13220,50,0.58733416
H6G84_RS00730,50,-0.36442602
H6G84_RS09525,50,0.102318086
H6G84_RS02205,50,-0.41065228
H6G84_RS11960,50,-0.14776123
H6G84_RS02020,50,-0.11624744
H6G84_RS05575,50,-0.6820237
H6G84_RS06980,50,-0.110920414
H6G84_RS01390,50,-0.15760487
H6G84_RS04855,52,-0.40746552
H6G84_RS09745,52,-0.13726783
H6G84_RS05250,52,-0.14641123
H6G84_RS03180,52,0.29237705
H6G84_RS12810,52,-0.102434054
H6G84_RS09500,52,-0.11246275
H6G84_RS04225,52,-0.27256405
H6G84_RS05285,52,0.5999771
H6G84_RS13220,52,-0.2424467
H6G84_RS00730,52,0.21076663
H6G84_RS12560,52,0.15598033
H6G84_RS09525,52,-0.16090728
H6G84_RS12975,52,0.18285146
H6G84_RS02205,52,0.18162188
H6G84_RS05575,52,0.3631024
H6G84_RS06980,52,-0.12827882
H6G84_RS12160,53,0.109146245
H6G84_RS13220,54,-0.10803091
H6G84_RS04855,55,0.29273716
H6G84_RS03740,55,0.11290402
H6G84_RS03180,55,-0.17233561
H6G84_RS12160,55,-0.4165014
H6G84_RS04575,55,0.2839487
H6G84_RS04225,55,0.2132332
H6G84_RS05285,55,-0.50126505
H6G84_RS13220,55,0.21550368
H6G84_RS00730,55,-0.4127249
H6G84_RS12560,55,-0.19767387
H6G84_RS02205,55,-0.27413574
H6G84_RS12820,55,0.21800749
H6G84_RS02020,55,-0.25284722
H6G84_RS11200,55,-0.3240832
H6G84_RS05575,55,-0.6441023
H6G84_RS01390,55,-0.13699646
H6G84_RS04855,56,-0.11046916
H6G84_RS09745,56,-0.18274236
H6G84_RS12160,56,-0.5182177
H6G84_RS03495,56,-0.418047
H6G84_RS09500,56,-0.10848949
H6G84_RS05285,56,-0.52013946
H6G84_RS09205,56,0.3997031
H6G84_RS13220,56,0.50528795
H6G84_RS02710,56,0.1201498
H6G84_RS12285,56,-0.16765739
H6G84_RS01315,56,0.17837478
H6G84_RS00730,56,-0.32164538
H6G84_RS09525,56,-0.2391035
H6G84_RS12975,56,-0.79645777
H6G84_RS02205,56,-0.21281064
H6G84_RS11960,56,-0.21763895
H6G84_RS12820,56,0.13013017
H6G84_RS02020,56,-0.18962587
H6G84_RS11200,56,-0.36213097
H6G84_RS05575,56,-0.6428142
H6G84_RS10655,56,0.19662079
H6G84_RS08975,56,-0.18939325
H6G84_RS04855,57,0.20702699
H6G84_RS09745,57,0.95086616
H6G84_RS03180,57,-0.12637988
H6G84_RS12810,57,0.21290226
H6G84_RS12160,57,-0.13243373
H6G84_RS04575,57,0.12539929
H6G84_RS09500,57,0.24704608
H6G84_RS04225,57,0.14808476
H6G84_RS05285,57,-0.8569538
H6G84_RS13220,57,0.22945951
H6G84_RS00730,57,-0.14787914
H6G84_RS12560,57,-0.15642247
H6G84_RS09525,57,0.85847807
H6G84_RS00560,57,0.16574523
H6G84_RS13040,57,-0.1761566
H6G84_RS02205,57,-0.26616517
H6G84_RS11960,57,0.7016518
H6G84_RS02020,57,0.17114237
H6G84_RS05575,57,-0.32044753
H6G84_RS06980,57,0.25366023
H6G84_RS01645,57,0.17054276
H6G84_RS01390,57,0.16940697
H6G84_RS12555,57,-0.26426065
H6G84_RS04855,58,-0.6642581
H6G84_RS09745,58,-0.68979615
H6G84_RS05250,58,-0.30387884
H6G84_RS03180,58,0.50499505
H6G84_RS12160,58,-0.22525452
H6G84_RS04225,58,-0.44257978
H6G84_RS09975,58,-0.12874943
H6G84_RS05285,58,0.9091853
H6G84_RS13220,58,0.56078434
H6G84_RS00730,58,0.16268684
H6G84_RS12560,58,0.11879406
H6G84_RS09525,58,-0.90389943
H6G84_RS00560,58,-0.12889545
H6G84_RS02205,58,0.33137134
H6G84_RS11200,58,-0.14004873
H6G84_RS05575,58,0.17401056
H6G84_RS06980,58,-0.25323266