O05161	P16954	0.651
O05161	Q31KN7	0.595
O05161	Q31LJ5	0.694
O05161	Q31LM9	0.639
O05161	Q31N38	0.647
O05161	Q31P93	0.636
O05161	Q31QK5	0.73
O05161	Q935Z3	0.675
O06865	O33698	0.628
O06865	P12243	0.718
O06865	P16954	0.665
O06865	P43087	0.811
O06865	P50021	0.795
O06865	Q31KE9	0.716
O06865	Q31L59	0.776
O06865	Q31LJ5	0.737
O06865	Q31LM4	0.618
O06865	Q31LM9	0.75
O06865	Q31N38	0.749
O06865	Q31N85	0.693
O06865	Q31P46	0.698
O06865	Q31P47	0.677
O06865	Q31QE3	0.689
O06865	Q31QK5	0.76
O06865	Q31QZ9	0.633
O06865	Q54705	0.707
O06865	Q54709	0.738
O06865	Q59984	0.835
O06865	Q79N42	0.618
O06865	Q7X4K8	0.714
O07345	Q31PH5	0.664
O32463	Q31KH4	0.772
O32463	Q31LH6	0.725
O32463	Q31MT0	0.761
O32463	Q31PF2	0.699
O32463	Q31PY5	0.729
O32463	Q31PZ6	0.767
O32463	Q31QT5	0.752
O32463	Q31RM5	0.63
O32463	Q8GMR3	0.717
O32463	Q935Y4	0.633
O33698	P31160	0.666
O33698	P43087	0.584
O33698	P50021	0.736
O33698	P63200	0.781
O33698	Q31K30	0.641
O33698	Q31K59	0.948
O33698	Q31KE9	0.788
O33698	Q31KF2	0.693
O33698	Q31KV8	0.796
O33698	Q31L07	0.657
O33698	Q31L08	0.696
O33698	Q31L10	0.716
O33698	Q31L11	0.897
O33698	Q31L12	0.592
O33698	Q31L13	0.93
O33698	Q31L16	0.928
O33698	Q31L19	0.839
O33698	Q31L20	0.915
O33698	Q31L21	0.719
O33698	Q31L23	0.836
O33698	Q31L28	0.966
O33698	Q31L30	0.763
O33698	Q31L34	0.942
O33698	Q31L59	0.638
O33698	Q31LJ5	0.625
O33698	Q31LU5	0.7
O33698	Q31LX8	0.651
O33698	Q31M58	0.604
O33698	Q31MB5	0.793
O33698	Q31MB6	0.629
O33698	Q31MB7	0.782
O33698	Q31N15	0.648
O33698	Q31N17	0.632
O33698	Q31N38	0.762
O33698	Q31N52	0.921
O33698	Q31P66	0.814
O33698	Q31PL2	0.802
O33698	Q31PL8	0.673
O33698	Q31PV3	0.908
O33698	Q31PV6	0.848
O33698	Q31QE3	0.93
O33698	Q31QF2	0.648
O33698	Q31QK4	0.715
O33698	Q31QK5	0.849
O33698	Q31QY2	0.624
O33698	Q31QZ9	0.642
O33698	Q31S47	0.653
O33698	Q31SC5	0.907
O33698	Q54709	0.696
O33698	Q79PF4	0.616
O33698	Q7X4K8	0.65
O33698	Q9Z3H5	0.681
O34125	Q9L4P4	0.76
O34209	P21577	0.741
O34209	P22879	0.763
O34209	P50020	0.761
O34209	P50021	0.753
O34209	P50022	0.695
O34209	P53533	0.864
O34209	Q31KP3	0.63
O34209	Q31LG5	0.741
O34209	Q31P62	0.629
O34209	Q31P93	0.623
O34209	Q31QF2	0.793
O34209	Q31QL4	0.627
O34209	Q31QZ9	0.779
O34209	Q31RM5	0.589
O34209	Q79N42	0.704
O50209	P06539	0.957
O50209	P13530	0.948
O50209	Q31KE0	0.691
O50209	Q31L59	0.842
O50209	Q31LJ5	0.721
O50209	Q31LK8	0.725
O50209	Q31LK9	0.952
O50209	Q31LM4	0.623
O50209	Q31LM9	0.768
O50209	Q31LY1	0.73
O50209	Q31N38	0.773
O50209	Q31N86	0.735
O50209	Q31NV7	0.693
O50209	Q31PD8	0.873
O50209	Q31PD9	0.906
O50209	Q31Q37	0.724
O50209	Q31Q65	0.824
O50209	Q31QD7	0.65
O50209	Q31QK5	0.809
O50209	Q31RF1	0.639
O50209	Q31RF9	0.905
O50209	Q31RG0	0.938
O50209	Q31RG1	0.953
O50209	Q31RG2	0.931
O50209	Q31RP7	0.912
O50209	Q44115	0.669
O50209	Q44116	0.708
O50209	Q54705	0.68
O50209	Q54755	0.624
O50209	Q8VW88	0.667
O50209	Q9Z3G5	0.791
O68523	Q31KQ9	0.618
O68523	Q31MC6	0.637
O68523	Q31QL7	0.63
O68523	Q8GIS4	0.595
O68523	Q8KPQ5	0.663
O85785	P06539	0.668
O85785	P33171	0.72
O85785	Q31L59	0.702
O85785	Q31LJ5	0.641
O85785	Q31LM4	0.665
O85785	Q31LM9	0.702
O85785	Q31ME6	0.616
O85785	Q31N38	0.693
O85785	Q31PL1	0.659
O85785	Q31QJ2	0.673
O85785	Q31QK5	0.638
O85785	Q31RI7	0.648
O85785	Q44116	0.666
O85785	Q54705	0.659
P06539	P0A2Z8	0.635
P06539	P12243	0.889
P06539	P13530	0.997
P06539	P33171	0.899
P06539	P50021	0.763
P06539	Q31KE0	0.83
P06539	Q31KS4	0.92
P06539	Q31L59	0.858
P06539	Q31LJ5	0.661
P06539	Q31LK8	0.806
P06539	Q31LK9	0.934
P06539	Q31LM9	0.649
P06539	Q31MY7	0.826
P06539	Q31N17	0.667
P06539	Q31N38	0.793
P06539	Q31N86	0.747
P06539	Q31NV7	0.694
P06539	Q31NV8	0.708
P06539	Q31PD8	0.949
P06539	Q31PD9	0.947
P06539	Q31PL2	0.675
P06539	Q31Q37	0.793
P06539	Q31QD7	0.71
P06539	Q31QF2	0.723
P06539	Q31QK5	0.794
P06539	Q31QV2	0.745
P06539	Q31RF1	0.844
P06539	Q31RF4	0.65
P06539	Q31RF9	0.933
P06539	Q31RG0	0.973
P06539	Q31RG1	0.973
P06539	Q31RG2	0.917
P06539	Q31RP7	0.951
P06539	Q44115	0.812
P06539	Q55357	0.67
P06539	Q9Z3G5	0.829
P0A2Z8	P13530	0.817
P0A2Z8	Q31KS4	0.962
P0A2Z8	Q31L15	0.694
P0A2Z8	Q31L59	0.643
P0A2Z8	Q31LJ5	0.714
P0A2Z8	Q31LM9	0.745
P0A2Z8	Q31ML0	0.632
P0A2Z8	Q31N38	0.656
P0A2Z8	Q31NV7	0.651
P0A2Z8	Q31PD8	0.682
P0A2Z8	Q31PD9	0.731
P0A2Z8	Q31QK5	0.63
P0A2Z8	Q31QV2	0.777
P0A2Z8	Q31RF0	0.88
P0A2Z8	Q31RF1	0.941
P0A2Z8	Q31RF3	0.894
P0A2Z8	Q31RF4	0.912
P0A2Z8	Q54767	0.664
P0A3F4	P0A3F4	0.998
P0A3F4	Q6V1L5	1
P0A3F4	Q7X386	1
P10340	P11004	0.588
P10340	P13530	0.605
P10340	P15347	0.95
P10340	P31094	0.607
P10340	P95822	0.95
P10340	P95823	0.95
P10340	Q31K49	0.658
P10340	Q31KP3	0.714
P10340	Q31KS4	0.613
P10340	Q31LJ0	0.994
P10340	Q31LJ1	0.992
P10340	Q31LM4	0.658
P10340	Q31N38	0.653
P10340	Q31NL7	0.95
P10340	Q31NT9	0.992
P10340	Q31NU0	0.95
P10340	Q31NV7	0.617
P10340	Q31PD9	0.66
P10340	Q31PI7	0.991
P10340	Q31PL1	0.736
P10340	Q31PR9	0.95
P10340	Q31QK5	0.619
P10340	Q31QV2	0.992
P10340	Q31RF1	0.623
P10340	Q31RF9	0.625
P10340	Q54705	0.593
P10340	Q935X2	0.715
P11004	P11005	0.937
P11004	P11472	0.868
P11004	P31094	0.967
P11004	P95822	0.811
P11004	Q31K59	0.728
P11004	Q31L05	0.782
P11004	Q31L12	0.756
P11004	Q31LJ0	0.961
P11004	Q31LJ1	0.917
P11004	Q31LJ5	0.694
P11004	Q31LM4	0.631
P11004	Q31LM9	0.895
P11004	Q31ME6	0.909
P11004	Q31ML0	0.891
P11004	Q31MS2	0.681
P11004	Q31N38	0.763
P11004	Q31NJ5	0.764
P11004	Q31NL0	0.693
P11004	Q31NL7	0.643
P11004	Q31NM5	0.686
P11004	Q31NT0	0.6
P11004	Q31NT9	0.93
P11004	Q31NV7	0.739
P11004	Q31NV8	0.687
P11004	Q31P07	0.644
P11004	Q31P08	0.859
P11004	Q31PC1	0.657
P11004	Q31PD0	0.696
P11004	Q31PI7	0.775
P11004	Q31PP7	0.758
P11004	Q31PS1	0.746
P11004	Q31PW1	0.93
P11004	Q31QF5	0.914
P11004	Q31QK4	0.702
P11004	Q31QK5	0.682
P11004	Q31QV2	0.821
P11004	Q31RA2	0.875
P11004	Q31RE4	0.912
P11004	Q31RF1	0.692
P11004	Q31RF3	0.891
P11004	Q31RF4	0.729
P11004	Q31RJ0	0.848
P11004	Q31RZ5	0.673
P11004	Q31S00	0.708
P11004	Q79PF4	0.854
P11004	Q8GIS4	0.867
P11004	Q935X8	0.749
P11005	P11472	0.792
P11005	P31094	0.939
P11005	P95822	0.845
P11005	Q31L05	0.71
P11005	Q31LJ0	0.826
P11005	Q31LJ1	0.811
P11005	Q31LK9	0.698
P11005	Q31LM4	0.702
P11005	Q31LM9	0.805
P11005	Q31ME6	0.648
P11005	Q31ML0	0.811
P11005	Q31MS2	0.64
P11005	Q31N64	0.661
P11005	Q31NJ5	0.583
P11005	Q31NL7	0.757
P11005	Q31NM5	0.643
P11005	Q31NT9	0.786
P11005	Q31P08	0.618
P11005	Q31PD0	0.634
P11005	Q31PI7	0.668
P11005	Q31PP7	0.696
P11005	Q31PS1	0.608
P11005	Q31QF5	0.617
P11005	Q31QV2	0.691
P11005	Q31RA2	0.644
P11005	Q31RE4	0.809
P11005	Q31RF3	0.678
P11005	Q31RJ0	0.676
P11005	Q31RN3	0.707
P11005	Q31RZ5	0.852
P11005	Q8GIS4	0.803
P11005	Q8GIT3	0.593
P11005	Q8GIT7	0.708
P11005	Q8KPT7	0.72
P11005	Q935X4	0.678
P11472	P12243	0.727
P11472	P31094	0.938
P11472	P42079	0.648
P11472	Q31KM1	0.643
P11472	Q31L08	0.65
P11472	Q31L10	0.62
P11472	Q31L59	0.7
P11472	Q31L83	0.67
P11472	Q31LJ0	0.734
P11472	Q31LJ5	0.786
P11472	Q31LM4	0.71
P11472	Q31LM9	0.88
P11472	Q31ML0	0.82
P11472	Q31N15	0.69
P11472	Q31N17	0.696
P11472	Q31N38	0.785
P11472	Q31P52	0.676
P11472	Q31QK5	0.734
P11472	Q31QV2	0.822
P11472	Q31R92	0.715
P11472	Q31RE4	0.782
P11472	Q31RF0	0.608
P11472	Q31RF4	0.748
P11472	Q31RI6	0.637
P11472	Q31S39	0.721
P11472	Q54705	0.666
P11472	Q8GIS4	0.71
P12243	P16954	0.767
P12243	P21577	0.635
P12243	P22879	0.854
P12243	P30008	0.711
P12243	P33171	0.919
P12243	P42079	0.641
P12243	P43087	0.77
P12243	P50020	0.7
P12243	P50021	0.783
P12243	Q03513	0.836
P12243	Q31K58	0.601
P12243	Q31K59	0.724
P12243	Q31KE0	0.881
P12243	Q31KE9	0.654
P12243	Q31KH4	0.664
P12243	Q31KS4	0.841
P12243	Q31KU2	0.786
P12243	Q31L13	0.799
P12243	Q31L19	0.647
P12243	Q31L30	0.767
P12243	Q31L59	0.744
P12243	Q31L83	0.699
P12243	Q31LM9	0.669
P12243	Q31LU5	0.604
P12243	Q31LX8	0.665
P12243	Q31M58	0.714
P12243	Q31M83	0.67
P12243	Q31MH0	0.63
P12243	Q31MY7	0.792
P12243	Q31N15	0.916
P12243	Q31N17	0.874
P12243	Q31N38	0.673
P12243	Q31NB3	0.867
P12243	Q31NJ7	0.754
P12243	Q31P73	0.896
P12243	Q31PC1	0.829
P12243	Q31PD9	0.83
P12243	Q31PL1	0.727
P12243	Q31PL2	0.872
P12243	Q31PU9	0.715
P12243	Q31QD7	0.776
P12243	Q31QE3	0.893
P12243	Q31QF2	0.913
P12243	Q31QJ2	0.784
P12243	Q31QJ8	0.634
P12243	Q31QK4	0.686
P12243	Q31QK5	0.725
P12243	Q31QK6	0.785
P12243	Q31QN4	0.809
P12243	Q31QQ0	0.728
P12243	Q31QU9	0.824
P12243	Q31QV2	0.82
P12243	Q31QY2	0.759
P12243	Q31RF9	0.909
P12243	Q31RG0	0.692
P12243	Q31RG1	0.68
P12243	Q31RG2	0.608
P12243	Q31RI6	0.745
P12243	Q31RI7	0.673
P12243	Q31RJ2	0.802
P12243	Q31RM7	0.747
P12243	Q31RP7	0.672
P12243	Q31S58	0.582
P12243	Q31SC8	0.784
P12243	Q54705	0.745
P12243	Q59984	0.651
P12243	Q7X4K8	0.863
P12243	Q8GMT0	0.798
P12243	Q8VW88	0.889
P12243	Q935Z3	0.832
P12243	Q9R6W2	0.842
P13530	P50021	0.746
P13530	Q31KE0	0.77
P13530	Q31KS4	0.947
P13530	Q31L59	0.819
P13530	Q31LJ5	0.742
P13530	Q31LK8	0.833
P13530	Q31LK9	0.948
P13530	Q31LM4	0.672
P13530	Q31LM9	0.739
P13530	Q31MY7	0.729
P13530	Q31N38	0.786
P13530	Q31N86	0.717
P13530	Q31NV8	0.69
P13530	Q31P52	0.697
P13530	Q31PD8	0.961
P13530	Q31PD9	0.931
P13530	Q31PI7	0.673
P13530	Q31PV4	0.711
P13530	Q31Q37	0.81
P13530	Q31QD7	0.695
P13530	Q31QJ2	0.77
P13530	Q31QK5	0.811
P13530	Q31QN4	0.613
P13530	Q31QU9	0.595
P13530	Q31QV2	0.766
P13530	Q31RF0	0.623
P13530	Q31RF1	0.881
P13530	Q31RF3	0.66
P13530	Q31RF4	0.667
P13530	Q31RF9	0.925
P13530	Q31RG0	0.966
P13530	Q31RG1	0.97
P13530	Q31RG2	0.911
P13530	Q31RP7	0.951
P13530	Q31S39	0.783
P13530	Q44115	0.9
P13530	Q44116	0.823
P13530	Q8GMR4	0.671
P13530	Q9Z3G5	0.883
P15347	P95822	0.95
P15347	P95823	0.95
P15347	Q31LJ0	0.95
P15347	Q31LJ1	0.95
P15347	Q31NL7	0.95
P15347	Q31NT9	0.95
P15347	Q31NU0	0.95
P15347	Q31PI7	0.95
P15347	Q31PR9	0.95
P15347	Q31QV2	0.95
P16891	P16954	0.631
P16891	Q31KG2	0.634
P16891	Q31KI0	0.803
P16891	Q31LC2	0.616
P16891	Q31LJ5	0.717
P16891	Q31MF2	0.607
P16891	Q31N34	0.645
P16891	Q31N38	0.683
P16891	Q31NF6	0.714
P16891	Q31PT6	0.644
P16891	Q31QK5	0.657
P16891	Q31QQ3	0.664
P16891	Q31RK5	0.765
P16954	P43087	0.596
P16954	Q31K58	0.634
P16954	Q31KF2	0.755
P16954	Q31KI0	0.661
P16954	Q31L59	0.613
P16954	Q31LJ5	0.792
P16954	Q31LT0	0.636
P16954	Q31LU5	0.682
P16954	Q31LW9	0.623
P16954	Q31MF4	0.615
P16954	Q31N38	0.654
P16954	Q31NC9	0.756
P16954	Q31P62	0.755
P16954	Q31P93	0.876
P16954	Q31PI8	0.713
P16954	Q31PT6	0.765
P16954	Q31QC6	0.775
P16954	Q31QE3	0.725
P16954	Q31QK5	0.605
P16954	Q31QL4	0.753
P16954	Q31QL9	0.688
P16954	Q31QN4	0.623
P16954	Q31QQ0	0.672
P16954	Q31QU9	0.684
P16954	Q31QZ9	0.653
P16954	Q31RK5	0.791
P16954	Q59984	0.656
P16954	Q79N42	0.694
P18655	Q31L59	0.617
P18655	Q31LL7	0.654
P18655	Q31LW2	0.645
P18655	Q31MQ3	0.657
P18655	Q31PM2	0.73
P18655	Q31PS0	0.611
P18655	Q31QC5	0.668
P18655	Q31QZ9	0.611
P18655	Q31R14	0.686
P18655	Q54777	0.741
P21577	Q31LM4	0.637
P21577	Q31M79	0.609
P21577	Q31MH0	0.759
P21577	Q31N38	0.643
P21577	Q31P62	0.602
P21577	Q31P93	0.606
P21577	Q31PZ6	0.595
P21577	Q31QF2	0.786
P21577	Q31QK5	0.631
P21577	Q31QL1	0.66
P21577	Q31QL4	0.667
P21577	Q31QZ9	0.806
P21577	Q31R91	0.637
P21577	Q31RI6	0.615
P21577	Q55041	0.796
P21577	Q59943	0.681
P22879	P50020	0.765
P22879	P50021	0.818
P22879	P50022	0.768
P22879	P53533	0.804
P22879	Q31LG5	0.774
P22879	Q31LM4	0.802
P22879	Q31N38	0.626
P22879	Q31PD8	0.68
P22879	Q31QD7	0.744
P22879	Q31QF2	0.896
P22879	Q31QJ2	0.651
P22879	Q31QV2	0.687
P22879	Q31QY2	0.716
P22879	Q31RM7	0.72
P22879	Q31S19	0.608
P22879	Q31SC8	0.625
P22879	Q54705	0.771
P22880	Q31PS0	0.614
P25935	Q31LE4	0.856
P25935	Q31M96	0.768
P25935	Q31N93	0.797
P25935	Q31PM0	0.869
P25935	Q31QF8	0.763
P27366	P38043	0.599
P27366	Q31N38	0.698
P27366	Q31QK5	0.645
P29283	Q7X386	0.998
P29686	Q31PZ6	0.668
P29686	Q31QL4	0.606
P29686	Q59943	0.635
P30008	Q31LJ5	0.743
P30008	Q31LK9	0.682
P30008	Q31LM9	0.663
P30008	Q31ML1	0.752
P30008	Q31N38	0.737
P30008	Q31NV7	0.689
P30008	Q31PD0	0.637
P30008	Q31QK5	0.669
P30008	Q31R92	0.641
P31094	P95822	0.823
P31094	Q31K59	0.753
P31094	Q31KH4	0.707
P31094	Q31KS4	0.799
P31094	Q31L05	0.707
P31094	Q31L07	0.638
P31094	Q31L08	0.694
P31094	Q31L20	0.67
P31094	Q31L59	0.654
P31094	Q31L83	0.652
P31094	Q31LJ0	0.91
P31094	Q31LJ1	0.922
P31094	Q31LJ5	0.759
P31094	Q31LK9	0.641
P31094	Q31LM4	0.688
P31094	Q31LM9	0.916
P31094	Q31ME6	0.792
P31094	Q31ML0	0.879
P31094	Q31MN9	0.616
P31094	Q31MS2	0.687
P31094	Q31MY4	0.783
P31094	Q31N15	0.757
P31094	Q31N38	0.747
P31094	Q31NJ5	0.658
P31094	Q31NL0	0.819
P31094	Q31NL7	0.758
P31094	Q31NM5	0.595
P31094	Q31NT9	0.891
P31094	Q31NV7	0.778
P31094	Q31NV8	0.685
P31094	Q31P07	0.641
P31094	Q31P08	0.764
P31094	Q31P52	0.719
P31094	Q31PC1	0.652
P31094	Q31PD0	0.626
P31094	Q31PD9	0.659
P31094	Q31PI7	0.793
P31094	Q31PP7	0.888
P31094	Q31PS1	0.699
P31094	Q31QF5	0.844
P31094	Q31QK5	0.703
P31094	Q31QM5	0.712
P31094	Q31QV2	0.893
P31094	Q31RA2	0.878
P31094	Q31RA7	0.66
P31094	Q31RE4	0.909
P31094	Q31RF0	0.741
P31094	Q31RF1	0.828
P31094	Q31RF3	0.903
P31094	Q31RF4	0.863
P31094	Q31RJ0	0.899
P31094	Q31RZ5	0.834
P31094	Q31S00	0.624
P31094	Q54705	0.708
P31094	Q8GIS4	0.851
P31094	Q8GIT3	0.582
P31094	Q8GJL5	0.788
P31094	Q8KPT7	0.766
P31094	Q9R6W2	0.609
P31160	Q31K30	0.942
P31160	Q31K48	0.941
P31160	Q31K59	0.689
P31160	Q31L07	0.973
P31160	Q31L08	0.996
P31160	Q31L09	0.883
P31160	Q31L10	0.984
P31160	Q31L11	0.851
P31160	Q31L12	0.977
P31160	Q31L13	0.925
P31160	Q31L15	0.894
P31160	Q31L16	0.695
P31160	Q31L17	0.988
P31160	Q31L18	0.96
P31160	Q31L19	0.983
P31160	Q31L20	0.953
P31160	Q31L21	0.995
P31160	Q31L22	0.982
P31160	Q31L23	0.9
P31160	Q31L28	0.873
P31160	Q31L29	0.762
P31160	Q31L30	0.733
P31160	Q31L31	0.99
P31160	Q31L33	0.978
P31160	Q31L34	0.874
P31160	Q31L59	0.656
P31160	Q31LJ5	0.641
P31160	Q31LM9	0.691
P31160	Q31LX8	0.939
P31160	Q31MB7	0.597
P31160	Q31N38	0.778
P31160	Q31N52	0.693
P31160	Q31NR2	0.859
P31160	Q31PL2	0.835
P31160	Q31PV3	0.696
P31160	Q31QF5	0.82
P31160	Q31QK3	0.845
P31160	Q31QK4	0.987
P31160	Q31QK5	0.945
P31160	Q31QK6	0.851
P31160	Q31QV2	0.64
P31160	Q31RA2	0.825
P31160	Q79AV0	0.732
P31160	Q79PF4	0.857
P31160	Q9R6W2	0.623
P31160	Q9Z3H5	0.967
P32084	Q31KS8	0.732
P32084	Q31L26	0.721
P32084	Q31M29	0.652
P32084	Q31MF5	0.718
P32084	Q31MQ3	0.66
P32084	Q31N88	0.661
P32084	Q31PK1	0.664
P32084	Q31PS2	0.765
P32084	Q31PX4	0.72
P32084	Q31QU3	0.674
P32084	Q31QV8	0.766
P32084	Q31S48	0.703
P33171	P63200	0.645
P33171	Q31L59	0.829
P33171	Q31LJ5	0.715
P33171	Q31LK9	0.858
P33171	Q31LM4	0.701
P33171	Q31LM9	0.757
P33171	Q31N38	0.787
P33171	Q31P73	0.736
P33171	Q31PL1	0.698
P33171	Q31PV3	0.713
P33171	Q31PV4	0.835
P33171	Q31PV6	0.798
P33171	Q31QC4	0.607
P33171	Q31QK5	0.795
P33171	Q31R92	0.6
P33171	Q31RF9	0.687
P33171	Q31S39	0.734
P33171	Q54705	0.735
P33171	Q8GMR4	0.638
P33171	Q9L4P3	0.698
P34185	Q31NT0	0.654
P35088	Q935X2	0.655
P38023	Q31LJ5	0.616
P38023	Q31SB9	0.685
P38043	P39661	0.658
P38043	Q31K59	0.606
P38043	Q31KM1	0.776
P38043	Q31L59	0.69
P38043	Q31LJ5	0.789
P38043	Q31LK9	0.82
P38043	Q31LM4	0.699
P38043	Q31LM9	0.734
P38043	Q31N38	0.833
P38043	Q31NV7	0.817
P38043	Q31QK5	0.789
P38043	Q31QY6	0.626
P38043	Q31R92	0.732
P38043	Q54704	0.589
P38043	Q54705	0.771
P38043	Q79PF4	0.66
P39660	Q31L59	0.661
P39660	Q31LJ5	0.692
P39660	Q31LM9	0.711
P39660	Q31N38	0.697
P39660	Q31PJ5	0.64
P39660	Q31Q43	0.656
P39660	Q31QD7	0.649
P39660	Q31QI4	0.691
P39660	Q31QK5	0.655
P39660	Q31RF4	0.68
P39660	Q79PF4	0.696
P39661	Q31LW2	0.708
P39661	Q31NC7	0.592
P39661	Q31P74	0.577
P39661	Q31PP6	0.644
P39661	Q31PS0	0.809
P39661	Q31Q60	0.682
P39661	Q31QC4	0.673
P39661	Q31QQ4	0.615
P39661	Q31QZ9	0.716
P39661	Q31RW6	0.615
P39661	Q31S44	0.636
P39661	Q8GMR7	0.694
P42079	Q31K30	0.637
P42079	Q31K59	0.682
P42079	Q31KE9	0.73
P42079	Q31L10	0.644
P42079	Q31L13	0.639
P42079	Q31L19	0.695
P42079	Q31L28	0.677
P42079	Q31L30	0.974
P42079	Q31L34	0.762
P42079	Q31L83	0.89
P42079	Q31LJ5	0.718
P42079	Q31LM9	0.723
P42079	Q31MH9	0.73
P42079	Q31N15	0.982
P42079	Q31N17	0.979
P42079	Q31N38	0.717
P42079	Q31N52	0.714
P42079	Q31PL2	0.66
P42079	Q31PV3	0.659
P42079	Q31QK5	0.755
P42079	Q31RF1	0.72
P42079	Q79AV0	0.611
P42079	Q79PF4	0.645
P42079	Q935Y7	0.615
P43087	P50021	0.69
P43087	P74764	0.637
P43087	Q31KE9	0.826
P43087	Q31LJ5	0.762
P43087	Q31NC9	0.755
P43087	Q31NG7	0.748
P43087	Q31QE3	0.716
P43087	Q31QK5	0.811
P43087	Q59984	0.861
P43087	Q7X4K8	0.77
P46205	Q31KL6	0.697
P46205	Q31LG1	0.646
P46205	Q9F1R2	0.651
P50020	P50021	0.751
P50020	P50022	0.717
P50020	P53533	0.754
P50020	Q31LG5	0.818
P50020	Q31QF2	0.769
P50021	P50022	0.793
P50021	P53533	0.795
P50021	Q31K30	0.631
P50021	Q31K59	0.705
P50021	Q31KE9	0.857
P50021	Q31L08	0.629
P50021	Q31L10	0.638
P50021	Q31L18	0.601
P50021	Q31L19	0.812
P50021	Q31L21	0.665
P50021	Q31L59	0.711
P50021	Q31LG5	0.704
P50021	Q31LJ5	0.775
P50021	Q31LM4	0.633
P50021	Q31LM9	0.697
P50021	Q31LU5	0.684
P50021	Q31MY7	0.751
P50021	Q31N38	0.827
P50021	Q31NV8	0.742
P50021	Q31PL2	0.649
P50021	Q31QE3	0.857
P50021	Q31QF2	0.847
P50021	Q31QK5	0.884
P50021	Q31QQ0	0.643
P50021	Q31QY2	0.712
P50021	Q31RG0	0.778
P50021	Q31RG1	0.748
P50021	Q31SC5	0.613
P50021	Q54709	0.646
P50021	Q54734	0.702
P50021	Q59984	0.684
P50021	Q7X4K8	0.816
P50021	Q8VW88	0.755
P50022	P53533	0.725
P50022	Q31LG5	0.706
P50022	Q31LM9	0.721
P50022	Q31QF2	0.707
P50590	Q31KQ9	0.574
P50590	Q31PM2	0.624
P50590	Q54705	0.707
P53533	Q31LG5	0.678
P53533	Q31QF2	0.83
P53533	Q31RM7	0.683
P54415	Q9L4P4	0.76
P55020	Q31LP0	0.829
P55020	Q31NA5	0.777
P63200	Q31K59	0.888
P63200	Q31L08	0.585
P63200	Q31L11	0.878
P63200	Q31L12	0.616
P63200	Q31L13	0.954
P63200	Q31L20	0.96
P63200	Q31L21	0.615
P63200	Q31L23	0.917
P63200	Q31L28	0.92
P63200	Q31L29	0.766
P63200	Q31L33	0.62
P63200	Q31L34	0.948
P63200	Q31N52	0.97
P63200	Q31P66	0.922
P63200	Q31PV3	0.976
P63200	Q31PV6	0.936
P63200	Q31QK5	0.619
P63200	Q31SC5	0.785
P63200	Q79AV0	0.847
P74764	Q31KD2	0.842
P74764	Q31LH5	0.939
P74764	Q31LJ5	0.824
P74764	Q31N85	0.642
P74764	Q31PW3	0.746
P74764	Q31QK5	0.728
P74764	Q31SB9	0.894
P74764	Q54709	0.777
P74764	Q59984	0.622
P74764	Q79N42	0.767
P74764	Q7X4K8	0.687
P95822	P95823	0.95
P95822	Q31KM1	0.832
P95822	Q31KR3	0.699
P95822	Q31L05	0.795
P95822	Q31LJ0	0.996
P95822	Q31LJ1	0.996
P95822	Q31NL7	0.95
P95822	Q31NT9	0.995
P95822	Q31NU0	0.95
P95822	Q31PI7	0.95
P95822	Q31PR9	0.95
P95822	Q31QV2	0.984
P95823	Q31LJ0	0.95
P95823	Q31LJ1	0.95
P95823	Q31NL7	0.95
P95823	Q31NT9	0.95
P95823	Q31NU0	0.95
P95823	Q31PI7	0.95
P95823	Q31PR9	0.95
P95823	Q31QV2	0.95
Q03511	Q03512	0.776
Q03511	Q03513	0.911
Q03511	Q31M58	0.791
Q03511	Q31QC5	0.63
Q03511	Q31QD7	0.639
Q03511	Q31QJ2	0.615
Q03511	Q31QQ3	0.599
Q03511	Q31QY2	0.672
Q03511	Q31QZ9	0.599
Q03511	Q31RK2	0.793
Q03511	Q54705	0.705
Q03511	Q8GMR7	0.638
Q03512	Q31K49	0.72
Q03513	Q31L59	0.723
Q03513	Q31LJ5	0.718
Q03513	Q31LK9	0.69
Q03513	Q31LM4	0.618
Q03513	Q31LM9	0.747
Q03513	Q31MQ7	0.768
Q03513	Q31N38	0.71
Q03513	Q31NB2	0.989
Q03513	Q31NB3	0.99
Q03513	Q31NV8	0.72
Q03513	Q31QK5	0.707
Q03513	Q31RF9	0.665
Q03513	Q31RK2	0.718
Q06904	Q06904	0.95
Q06904	Q79PF4	1
Q06904	Q79PF6	0.998
Q06904	Q8GLI4	0.998
Q07948	Q31KP3	0.662
Q31JU4	Q31QE7	0.876
Q31JX7	Q31M32	0.661
Q31JX7	Q31N34	0.634
Q31JX7	Q31PZ6	0.799
Q31JX7	Q31RW6	0.6
Q31JX7	Q8KPU9	0.696
Q31JX7	Q8L1E5	0.667
Q31JY2	Q31KR6	0.76
Q31JY2	Q31LU7	0.638
Q31JY2	Q31N88	0.635
Q31JY2	Q31PX4	0.614
Q31JY2	Q31QK2	0.694
Q31JY2	Q31QK3	0.744
Q31JY2	Q31QK5	0.713
Q31JY2	Q31QK6	0.643
Q31JY2	Q935Z3	0.637
Q31JY3	Q31LL0	0.842
Q31JY3	Q8L1E5	0.884
Q31JZ0	Q31KT8	0.815
Q31JZ0	Q31NH8	0.672
Q31JZ0	Q31R64	0.735
Q31JZ0	Q31RH4	0.769
Q31JZ0	Q31RX7	0.82
Q31JZ0	Q8KPR4	0.724
Q31JZ2	Q31LT1	0.768
Q31JZ2	Q31MN6	0.749
Q31K00	Q54767	0.622
Q31K01	Q31LJ5	0.635
Q31K01	Q31QK9	0.761
Q31K06	Q31QU3	0.645
Q31K06	Q31QV8	0.624
Q31K19	Q31LT1	0.78
Q31K19	Q31MN6	0.813
Q31K19	Q31P47	0.598
Q31K19	Q31P52	0.701
Q31K19	Q31PN5	0.635
Q31K19	Q31PQ2	0.72
Q31K19	Q31QK9	0.69
Q31K19	Q31QU4	0.773
Q31K19	Q31RM5	0.685
Q31K19	Q8KPU9	0.626
Q31K23	Q31KG2	0.69
Q31K23	Q31KQ9	0.825
Q31K23	Q31LM4	0.72
Q31K23	Q31LX5	0.622
Q31K23	Q31M23	0.729
Q31K23	Q31MQ3	0.671
Q31K23	Q31PS2	0.745
Q31K23	Q31QN3	0.666
Q31K23	Q31QZ9	0.651
Q31K23	Q31RE9	0.67
Q31K23	Q54705	0.781
Q31K23	Q8GMT0	0.664
Q31K30	Q31K48	0.857
Q31K30	Q31K59	0.642
Q31K30	Q31KE9	0.694
Q31K30	Q31L07	0.946
Q31K30	Q31L08	0.952
Q31K30	Q31L09	0.807
Q31K30	Q31L10	0.957
Q31K30	Q31L11	0.67
Q31K30	Q31L12	0.92
Q31K30	Q31L13	0.709
Q31K30	Q31L15	0.794
Q31K30	Q31L17	0.881
Q31K30	Q31L18	0.857
Q31K30	Q31L19	0.928
Q31K30	Q31L20	0.756
Q31K30	Q31L21	0.924
Q31K30	Q31L22	0.878
Q31K30	Q31L28	0.749
Q31K30	Q31L31	0.909
Q31K30	Q31L33	0.928
Q31K30	Q31L34	0.744
Q31K30	Q31L35	0.689
Q31K30	Q31L83	0.645
Q31K30	Q31LX8	0.85
Q31K30	Q31MY7	0.621
Q31K30	Q31N38	0.686
Q31K30	Q31N52	0.668
Q31K30	Q31NR1	0.753
Q31K30	Q31NR2	0.782
Q31K30	Q31P08	0.817
Q31K30	Q31PL2	0.771
Q31K30	Q31PV3	0.66
Q31K30	Q31QE3	0.645
Q31K30	Q31QK3	0.752
Q31K30	Q31QK4	0.965
Q31K30	Q31QK5	0.932
Q31K30	Q31QK6	0.822
Q31K30	Q31S95	0.761
Q31K30	Q59988	0.676
Q31K30	Q79PF4	0.658
Q31K30	Q9R6W2	0.656
Q31K30	Q9Z3H5	0.92
Q31K41	Q31KP3	0.618
Q31K41	Q31LW2	0.68
Q31K41	Q31LZ1	0.866
Q31K41	Q31N34	0.699
Q31K44	Q31LH6	0.691
Q31K44	Q31PP6	0.745
Q31K44	Q31PY6	0.732
Q31K44	Q31PZ6	0.657
Q31K44	Q31RM5	0.694
Q31K46	Q31QL7	0.644
Q31K48	Q31L07	0.955
Q31K48	Q31L08	0.936
Q31K48	Q31L10	0.912
Q31K48	Q31L11	0.613
Q31K48	Q31L12	0.94
Q31K48	Q31L13	0.716
Q31K48	Q31L17	0.966
Q31K48	Q31L18	0.898
Q31K48	Q31L19	0.916
Q31K48	Q31L20	0.723
Q31K48	Q31L21	0.939
Q31K48	Q31L22	0.855
Q31K48	Q31L23	0.694
Q31K48	Q31L28	0.722
Q31K48	Q31L29	0.604
Q31K48	Q31L31	0.952
Q31K48	Q31L33	0.943
Q31K48	Q31L34	0.602
Q31K48	Q31LX8	0.804
Q31K48	Q31MB7	0.785
Q31K48	Q31N38	0.679
Q31K48	Q31N52	0.629
Q31K48	Q31NR2	0.885
Q31K48	Q31PL2	0.701
Q31K48	Q31PV3	0.662
Q31K48	Q31PW1	0.684
Q31K48	Q31QK3	0.831
Q31K48	Q31QK4	0.957
Q31K48	Q31QK5	0.924
Q31K48	Q31QK6	0.864
Q31K48	Q31RP2	0.589
Q31K48	Q79PF4	0.631
Q31K48	Q9Z3H5	0.897
Q31K49	Q31K87	0.698
Q31K49	Q31KP1	0.758
Q31K49	Q31KP3	0.71
Q31K49	Q31KR8	0.639
Q31K49	Q31MT5	0.63
Q31K49	Q31NS8	0.666
Q31K49	Q31QV8	0.634
Q31K49	Q31QY2	0.641
Q31K49	Q31RB2	0.628
Q31K49	Q31S21	0.634
Q31K49	Q31S25	0.687
Q31K49	Q31S64	0.626
Q31K49	Q8KPS9	0.644
Q31K58	Q31K59	0.741
Q31K58	Q31KI0	0.821
Q31K58	Q31KN7	0.679
Q31K58	Q31L59	0.744
Q31K58	Q31LJ5	0.736
Q31K58	Q31LM9	0.756
Q31K58	Q31N38	0.784
Q31K58	Q31PB1	0.651
Q31K58	Q31QK5	0.694
Q31K58	Q31RG2	0.816
Q31K58	Q31RM7	0.71
Q31K58	Q31S58	0.673
Q31K58	Q54705	0.78
Q31K58	Q9L4P3	0.72
Q31K59	Q31KE9	0.68
Q31K59	Q31L07	0.796
Q31K59	Q31L08	0.94
Q31K59	Q31L10	0.834
Q31K59	Q31L11	0.935
Q31K59	Q31L12	0.883
Q31K59	Q31L13	0.972
Q31K59	Q31L16	0.89
Q31K59	Q31L17	0.64
Q31K59	Q31L18	0.763
Q31K59	Q31L19	0.831
Q31K59	Q31L20	0.98
Q31K59	Q31L21	0.873
Q31K59	Q31L22	0.664
Q31K59	Q31L23	0.914
Q31K59	Q31L28	0.982
Q31K59	Q31L29	0.811
Q31K59	Q31L30	0.687
Q31K59	Q31L31	0.761
Q31K59	Q31L33	0.851
Q31K59	Q31L34	0.977
Q31K59	Q31L59	0.679
Q31K59	Q31L83	0.6
Q31K59	Q31LJ0	0.775
Q31K59	Q31LJ1	0.828
Q31K59	Q31LJ5	0.782
Q31K59	Q31LK9	0.777
Q31K59	Q31LM9	0.773
Q31K59	Q31LX8	0.679
Q31K59	Q31LY1	0.625
Q31K59	Q31ME6	0.859
Q31K59	Q31N15	0.65
Q31K59	Q31N17	0.708
Q31K59	Q31N38	0.807
Q31K59	Q31N52	0.976
Q31K59	Q31NT9	0.806
Q31K59	Q31NV7	0.708
Q31K59	Q31NV8	0.745
Q31K59	Q31NZ1	0.777
Q31K59	Q31P07	0.651
Q31K59	Q31P66	0.944
Q31K59	Q31PB1	0.712
Q31K59	Q31PC1	0.807
Q31K59	Q31PL2	0.767
Q31K59	Q31PV3	0.986
Q31K59	Q31PV6	0.954
Q31K59	Q31QE3	0.911
Q31K59	Q31QF2	0.627
Q31K59	Q31QF5	0.704
Q31K59	Q31QK4	0.836
Q31K59	Q31QK5	0.801
Q31K59	Q31QV2	0.698
Q31K59	Q31R70	0.694
Q31K59	Q31RA2	0.835
Q31K59	Q31RE4	0.603
Q31K59	Q31RF1	0.824
Q31K59	Q31RF3	0.66
Q31K59	Q31RF4	0.606
Q31K59	Q31RK5	0.643
Q31K59	Q31RZ4	0.66
Q31K59	Q31S58	0.658
Q31K59	Q31SC5	0.954
Q31K59	Q31SC8	0.661
Q31K59	Q55357	0.576
Q31K59	Q79AV0	0.933
Q31K59	Q79PF4	0.763
Q31K59	Q7X4K8	0.644
Q31K59	Q9R6W2	0.754
Q31K59	Q9Z3H5	0.784
Q31KA6	Q31ML0	0.755
Q31KC2	Q31KL6	0.604
Q31KC2	Q31LG1	0.648
Q31KC2	Q31MV0	0.693
Q31KC2	Q31PF9	0.615
Q31KC6	Q31LE9	0.628
Q31KC6	Q31PL2	0.652
Q31KD0	Q31KW1	0.784
Q31KD2	Q31PU9	0.656
Q31KD2	Q31PW3	0.69
Q31KD2	Q31SB9	0.935
Q31KD2	Q54709	0.679
Q31KD2	Q55041	0.612
Q31KE0	Q31KS4	0.752
Q31KE0	Q31L59	0.844
Q31KE0	Q31LE9	0.609
Q31KE0	Q31LJ5	0.734
Q31KE0	Q31LK9	0.793
Q31KE0	Q31LM4	0.645
Q31KE0	Q31LM9	0.794
Q31KE0	Q31N38	0.792
Q31KE0	Q31NV7	0.718
Q31KE0	Q31PD9	0.823
Q31KE0	Q31PL1	0.709
Q31KE0	Q31QJ2	0.74
Q31KE0	Q31QK5	0.74
Q31KE0	Q31RF1	0.667
Q31KE0	Q31RG0	0.692
Q31KE0	Q31S39	0.705
Q31KE0	Q31S44	0.603
Q31KE0	Q54705	0.672
Q31KE2	Q31MB3	0.883
Q31KE2	Q31PL7	0.764
Q31KE2	Q935X2	0.838
Q31KE5	Q31N38	0.717
Q31KE5	Q31QK5	0.728
Q31KE9	Q31L08	0.67
Q31KE9	Q31L10	0.65
Q31KE9	Q31L13	0.667
Q31KE9	Q31L19	0.739
Q31KE9	Q31L21	0.71
Q31KE9	Q31L30	0.77
Q31KE9	Q31L34	0.651
Q31KE9	Q31L59	0.593
Q31KE9	Q31L83	0.712
Q31KE9	Q31LJ5	0.732
Q31KE9	Q31LM9	0.743
Q31KE9	Q31MY7	0.85
Q31KE9	Q31N15	0.767
Q31KE9	Q31N17	0.768
Q31KE9	Q31N38	0.711
Q31KE9	Q31NC9	0.635
Q31KE9	Q31PV3	0.672
Q31KE9	Q31QE3	0.793
Q31KE9	Q31QJ8	0.757
Q31KE9	Q31QK4	0.611
Q31KE9	Q31QK5	0.883
Q31KE9	Q31SB9	0.642
Q31KE9	Q31SC5	0.684
Q31KE9	Q59984	0.66
Q31KE9	Q79N42	0.674
Q31KE9	Q7X4K8	0.788
Q31KF2	Q31KN7	0.627
Q31KF2	Q31LJ5	0.729
Q31KF2	Q31LT0	0.684
Q31KF2	Q31LW9	0.653
Q31KF2	Q31N90	0.622
Q31KF2	Q31NC9	0.657
Q31KF2	Q31NM6	0.601
Q31KF2	Q31P93	0.677
Q31KF2	Q31PI8	0.663
Q31KF2	Q31QC6	0.817
Q31KF2	Q31QL9	0.664
Q31KF2	Q31QQ0	0.672
Q31KF2	Q31QU9	0.634
Q31KF2	Q31QV3	0.732
Q31KF2	Q31SC8	0.589
Q31KF2	Q55041	0.632
Q31KG2	Q31KN1	0.676
Q31KG2	Q31KS8	0.66
Q31KG2	Q31LL7	0.63
Q31KG2	Q31LW2	0.609
Q31KG2	Q31MF5	0.652
Q31KG2	Q31Q37	0.655
Q31KG2	Q31QF3	0.634
Q31KG2	Q31QU3	0.649
Q31KG2	Q31QV6	0.608
Q31KG2	Q31RJ9	0.697
Q31KG2	Q31S48	0.611
Q31KG2	Q54767	0.71
Q31KG2	Q54777	0.635
Q31KH4	Q31PF2	0.754
Q31KH4	Q31PZ6	0.609
Q31KH4	Q31QL4	0.623
Q31KH4	Q31RM5	0.61
Q31KH4	Q8GMR3	0.637
Q31KI0	Q31L96	0.644
Q31KI0	Q31LJ5	0.647
Q31KI0	Q31LM9	0.66
Q31KI0	Q31LW9	0.713
Q31KI0	Q31MF2	0.74
Q31KI0	Q31MF4	0.722
Q31KI0	Q31N34	0.758
Q31KI0	Q31N38	0.706
Q31KI0	Q31NF6	0.748
Q31KI0	Q31NQ0	0.609
Q31KI0	Q31P62	0.823
Q31KI0	Q31P93	0.851
Q31KI0	Q31QQ3	0.706
Q31KI0	Q31QU9	0.6
Q31KI0	Q31RK5	0.795
Q31KI0	Q31RM5	0.65
Q31KI0	Q31SC8	0.67
Q31KI1	Q31M88	0.722
Q31KK1	Q31RE9	0.75
Q31KK2	Q31MZ1	0.83
Q31KK2	Q31N54	0.771
Q31KK2	Q31QP4	0.791
Q31KK2	Q31RK1	0.73
Q31KK2	Q8GMT3	0.909
Q31KK2	Q9KHI5	0.998
Q31KK9	Q31KP3	0.736
Q31KL4	Q31LL0	0.778
Q31KL4	Q31LM4	0.634
Q31KL4	Q31P93	0.716
Q31KL4	Q31PZ6	0.612
Q31KL4	Q31QQ3	0.708
Q31KL4	Q8L1E5	0.782
Q31KL6	Q31LE0	0.65
Q31KL6	Q31NA6	0.694
Q31KL6	Q31Q11	0.614
Q31KL6	Q31R29	0.645
Q31KL6	Q31RR6	0.675
Q31KM1	Q31Q29	0.622
Q31KM1	Q31RF9	0.654
Q31KM1	Q31RN3	0.675
Q31KM4	Q31LF7	0.655
Q31KM4	Q31PN5	0.689
Q31KM4	Q31Q06	0.631
Q31KN1	Q31KS8	0.716
Q31KN1	Q31L26	0.678
Q31KN1	Q31LV2	0.751
Q31KN1	Q31LW2	0.626
Q31KN1	Q31MQ3	0.638
Q31KN1	Q31NF4	0.751
Q31KN1	Q31P44	0.62
Q31KN1	Q31Q65	0.757
Q31KN1	Q31Q67	0.757
Q31KN1	Q31QV6	0.684
Q31KN1	Q31S42	0.638
Q31KN1	Q54767	0.738
Q31KN5	Q31LJ5	0.641
Q31KN5	Q31MQ7	0.837
Q31KN5	Q31N38	0.622
Q31KN5	Q31S56	0.688
Q31KN7	Q31KU2	0.733
Q31KN7	Q31L22	0.609
Q31KN7	Q31L59	0.743
Q31KN7	Q31LJ5	0.684
Q31KN7	Q31LM4	0.631
Q31KN7	Q31LU7	0.668
Q31KN7	Q31N38	0.681
Q31KN7	Q31P73	0.694
Q31KN7	Q31QK5	0.668
Q31KN7	Q31QZ9	0.701
Q31KN7	Q31RG2	0.83
Q31KN7	Q31RM7	0.675
Q31KN7	Q31RX9	0.668
Q31KN7	Q31S39	0.623
Q31KN7	Q54705	0.713
Q31KN7	Q9L4P3	0.695
Q31KN9	Q31LR7	0.695
Q31KN9	Q31M23	0.709
Q31KN9	Q31NS3	0.748
Q31KN9	Q31R79	0.617
Q31KP1	Q31PS2	0.798
Q31KP1	Q31RE9	0.695
Q31KP1	Q54767	0.673
Q31KP3	Q31KR8	0.675
Q31KP3	Q31KT1	0.69
Q31KP3	Q31LF2	0.812
Q31KP3	Q31LJ3	0.598
Q31KP3	Q31LY9	0.627
Q31KP3	Q31M58	0.694
Q31KP3	Q31MF5	0.686
Q31KP3	Q31N58	0.744
Q31KP3	Q31N83	0.731
Q31KP3	Q31P84	0.609
Q31KP3	Q31PN0	0.654
Q31KP3	Q31Q12	0.622
Q31KP3	Q31Q37	0.687
Q31KP3	Q31QL7	0.742
Q31KP3	Q31QM9	0.696
Q31KP3	Q31QU3	0.693
Q31KP3	Q31QV8	0.693
Q31KP3	Q31RI7	0.704
Q31KP3	Q31RT4	0.662
Q31KP3	Q31S21	0.794
Q31KP3	Q31S48	0.796
Q31KP3	Q54975	0.625
Q31KP3	Q8KPS9	0.722
Q31KQ9	Q31KR8	0.648
Q31KQ9	Q31M23	0.857
Q31KQ9	Q31MF5	0.648
Q31KQ9	Q31MQ3	0.579
Q31KQ9	Q31QL7	0.689
Q31KQ9	Q31QV6	0.664
Q31KQ9	Q31R79	0.634
Q31KQ9	Q31S13	0.702
Q31KQ9	Q54764	0.736
Q31KQ9	Q8KPS9	0.626
Q31KR6	Q31LU7	0.703
Q31KR6	Q31N93	0.807
Q31KR6	Q31PM0	0.649
Q31KR6	Q31PX4	0.652
Q31KR6	Q31QF8	0.85
Q31KR6	Q31QP4	0.842
Q31KR7	Q31LC2	0.693
Q31KR8	Q31LJ0	0.786
Q31KR8	Q31LJ1	0.794
Q31KR8	Q31M23	0.787
Q31KR8	Q31MQ3	0.614
Q31KR8	Q31NT9	0.76
Q31KR8	Q31PI7	0.771
Q31KR8	Q31QV2	0.795
Q31KR8	Q31R79	0.679
Q31KS4	Q31L59	0.77
Q31KS4	Q31L83	0.746
Q31KS4	Q31LJ5	0.755
Q31KS4	Q31LK9	0.837
Q31KS4	Q31LM9	0.704
Q31KS4	Q31N38	0.846
Q31KS4	Q31NT9	0.595
Q31KS4	Q31NV7	0.717
Q31KS4	Q31NV8	0.738
Q31KS4	Q31P73	0.66
Q31KS4	Q31PD8	0.784
Q31KS4	Q31PD9	0.903
Q31KS4	Q31PV4	0.688
Q31KS4	Q31QK5	0.86
Q31KS4	Q31QV2	0.823
Q31KS4	Q31RF0	0.948
Q31KS4	Q31RF1	0.938
Q31KS4	Q31RF3	0.948
Q31KS4	Q31RF4	0.923
Q31KS4	Q31RG1	0.755
Q31KS4	Q31RI6	0.656
Q31KS4	Q44115	0.678
Q31KS8	Q31L26	0.719
Q31KS8	Q31LX5	0.645
Q31KS8	Q31M23	0.703
Q31KS8	Q31M27	0.778
Q31KS8	Q31M29	0.678
Q31KS8	Q31MQ3	0.714
Q31KS8	Q31N88	0.665
Q31KS8	Q31NF4	0.696
Q31KS8	Q31P43	0.694
Q31KS8	Q31PK1	0.83
Q31KS8	Q31PM2	0.624
Q31KS8	Q31PS0	0.627
Q31KS8	Q31PS2	0.769
Q31KS8	Q31Q65	0.693
Q31KS8	Q31QV6	0.938
Q31KS8	Q31QV8	0.658
Q31KS8	Q31QY0	0.67
Q31KS8	Q31RE9	0.732
Q31KS8	Q31RH4	0.637
Q31KS8	Q54767	0.61
Q31KS8	Q8GMR8	0.697
Q31KT1	Q31M23	0.597
Q31KT1	Q31Q12	0.578
Q31KT8	Q31NH8	0.831
Q31KT8	Q31PK1	0.774
Q31KT8	Q31RH4	0.769
Q31KT8	Q31RX7	0.781
Q31KU2	Q31P74	0.6
Q31KU2	Q31PL1	0.726
Q31KU2	Q31Q47	0.655
Q31KU2	Q31QZ9	0.732
Q31KU2	Q54704	0.633
Q31KV8	Q31L16	0.632
Q31KV8	Q31L19	0.698
Q31KV8	Q31L21	0.751
Q31KV8	Q31L22	0.737
Q31KV8	Q31PL2	0.687
Q31KV8	Q31QE3	0.653
Q31KV8	Q9Z3H5	0.617
Q31KW8	Q31LH6	0.707
Q31KW8	Q31LK1	0.872
Q31KW8	Q31PF2	0.712
Q31KW8	Q31RS5	0.764
Q31KX4	Q31PY6	0.727
Q31KX4	Q31PZ6	0.678
Q31KX5	Q31LX5	0.74
Q31KX5	Q31MT5	0.636
Q31KX5	Q31QJ5	0.7
Q31KX5	Q31QV6	0.726
Q31KX5	Q31RJ6	0.664
Q31KX5	Q31RL4	0.633
Q31KX5	Q31RU2	0.667
Q31KX5	Q31RX7	0.646
Q31KX5	Q8KPQ5	0.659
Q31KX6	Q31NS1	0.692
Q31KX6	Q31QQ3	0.647
Q31KX6	Q31RQ5	0.689
Q31KY4	Q31LK9	0.694
Q31KY4	Q31LM4	0.709
Q31KY4	Q31R92	0.659
Q31KY7	Q31L22	0.615
Q31KZ1	Q9R6W2	0.665
Q31L05	Q31LJ0	0.7
Q31L05	Q31LJ1	0.682
Q31L05	Q31LQ7	0.743
Q31L05	Q31LY1	0.714
Q31L05	Q31ME6	0.852
Q31L05	Q31NJ5	0.799
Q31L05	Q31NT9	0.616
Q31L05	Q31P07	0.761
Q31L05	Q31P08	0.847
Q31L05	Q31PD0	0.634
Q31L05	Q31QF5	0.667
Q31L05	Q31RA2	0.616
Q31L05	Q8GIT3	0.789
Q31L05	Q8VPV6	0.733
Q31L07	Q31L08	0.989
Q31L07	Q31L09	0.939
Q31L07	Q31L10	0.977
Q31L07	Q31L11	0.806
Q31L07	Q31L12	0.991
Q31L07	Q31L13	0.876
Q31L07	Q31L15	0.768
Q31L07	Q31L16	0.785
Q31L07	Q31L17	0.973
Q31L07	Q31L18	0.986
Q31L07	Q31L19	0.981
Q31L07	Q31L20	0.839
Q31L07	Q31L21	0.99
Q31L07	Q31L22	0.956
Q31L07	Q31L23	0.728
Q31L07	Q31L28	0.782
Q31L07	Q31L29	0.633
Q31L07	Q31L30	0.611
Q31L07	Q31L31	0.958
Q31L07	Q31L33	0.986
Q31L07	Q31L34	0.797
Q31L07	Q31L59	0.635
Q31L07	Q31LJ0	0.616
Q31L07	Q31LJ5	0.681
Q31L07	Q31LX8	0.926
Q31L07	Q31MB7	0.664
Q31L07	Q31MY7	0.62
Q31L07	Q31N38	0.74
Q31L07	Q31N52	0.675
Q31L07	Q31NR2	0.899
Q31L07	Q31PC1	0.911
Q31L07	Q31PL1	0.598
Q31L07	Q31PL2	0.793
Q31L07	Q31PV3	0.694
Q31L07	Q31QD7	0.589
Q31L07	Q31QE3	0.73
Q31L07	Q31QK3	0.882
Q31L07	Q31QK4	0.992
Q31L07	Q31QK5	0.975
Q31L07	Q31QK6	0.92
Q31L07	Q31QY2	0.642
Q31L07	Q31S39	0.691
Q31L07	Q31SC5	0.702
Q31L07	Q79PF4	0.74
Q31L07	Q9R6W2	0.816
Q31L07	Q9Z3H5	0.974
Q31L08	Q31L09	0.898
Q31L08	Q31L10	0.985
Q31L08	Q31L11	0.842
Q31L08	Q31L12	0.991
Q31L08	Q31L13	0.94
Q31L08	Q31L16	0.782
Q31L08	Q31L17	0.986
Q31L08	Q31L18	0.987
Q31L08	Q31L19	0.989
Q31L08	Q31L20	0.967
Q31L08	Q31L21	0.988
Q31L08	Q31L22	0.963
Q31L08	Q31L23	0.917
Q31L08	Q31L28	0.845
Q31L08	Q31L29	0.87
Q31L08	Q31L30	0.685
Q31L08	Q31L31	0.99
Q31L08	Q31L33	0.986
Q31L08	Q31L34	0.826
Q31L08	Q31L59	0.591
Q31L08	Q31L83	0.635
Q31L08	Q31LJ0	0.673
Q31L08	Q31LJ1	0.793
Q31L08	Q31LJ5	0.725
Q31L08	Q31LX8	0.934
Q31L08	Q31M58	0.617
Q31L08	Q31MB7	0.671
Q31L08	Q31ME6	0.797
Q31L08	Q31N15	0.613
Q31L08	Q31N38	0.874
Q31L08	Q31N52	0.918
Q31L08	Q31NR2	0.882
Q31L08	Q31NT9	0.812
Q31L08	Q31NV8	0.763
Q31L08	Q31P66	0.904
Q31L08	Q31PL2	0.856
Q31L08	Q31PV3	0.763
Q31L08	Q31QE3	0.724
Q31L08	Q31QK3	0.876
Q31L08	Q31QK4	0.991
Q31L08	Q31QK5	0.965
Q31L08	Q31QK6	0.886
Q31L08	Q31QV2	0.79
Q31L08	Q31RI7	0.615
Q31L08	Q79AV0	0.709
Q31L08	Q79PF4	0.859
Q31L08	Q9R6W2	0.795
Q31L08	Q9Z3H5	0.989
Q31L09	Q31L10	0.965
Q31L09	Q31L11	0.653
Q31L09	Q31L12	0.96
Q31L09	Q31L13	0.879
Q31L09	Q31L16	0.597
Q31L09	Q31L17	0.922
Q31L09	Q31L18	0.889
Q31L09	Q31L19	0.918
Q31L09	Q31L20	0.83
Q31L09	Q31L21	0.947
Q31L09	Q31L22	0.836
Q31L09	Q31L23	0.73
Q31L09	Q31L28	0.705
Q31L09	Q31L29	0.628
Q31L09	Q31L30	0.58
Q31L09	Q31L31	0.895
Q31L09	Q31L33	0.923
Q31L09	Q31L34	0.703
Q31L09	Q31LJ5	0.731
Q31L09	Q31N38	0.739
Q31L09	Q31NR2	0.748
Q31L09	Q31NV8	0.783
Q31L09	Q31QK4	0.638
Q31L09	Q31QK5	0.724
Q31L09	Q79AV0	0.59
Q31L09	Q9Z3H5	0.824
Q31L10	Q31L11	0.825
Q31L10	Q31L12	0.983
Q31L10	Q31L13	0.925
Q31L10	Q31L16	0.808
Q31L10	Q31L17	0.967
Q31L10	Q31L18	0.981
Q31L10	Q31L19	0.964
Q31L10	Q31L20	0.861
Q31L10	Q31L21	0.988
Q31L10	Q31L22	0.974
Q31L10	Q31L23	0.819
Q31L10	Q31L28	0.824
Q31L10	Q31L29	0.696
Q31L10	Q31L30	0.662
Q31L10	Q31L31	0.98
Q31L10	Q31L33	0.967
Q31L10	Q31L34	0.813
Q31L10	Q31L83	0.641
Q31L10	Q31LJ5	0.69
Q31L10	Q31LX8	0.874
Q31L10	Q31MY7	0.582
Q31L10	Q31N15	0.639
Q31L10	Q31N17	0.618
Q31L10	Q31N38	0.725
Q31L10	Q31N52	0.737
Q31L10	Q31NR2	0.905
Q31L10	Q31NT9	0.851
Q31L10	Q31NV8	0.748
Q31L10	Q31P66	0.865
Q31L10	Q31PL2	0.828
Q31L10	Q31PV3	0.809
Q31L10	Q31PV6	0.697
Q31L10	Q31PW1	0.838
Q31L10	Q31QE3	0.722
Q31L10	Q31QF5	0.779
Q31L10	Q31QK3	0.823
Q31L10	Q31QK4	0.98
Q31L10	Q31QK5	0.943
Q31L10	Q31QK6	0.9
Q31L10	Q31SC5	0.699
Q31L10	Q79AV0	0.685
Q31L10	Q79PF4	0.822
Q31L10	Q9R6W2	0.676
Q31L10	Q9Z3H5	0.975
Q31L11	Q31L12	0.83
Q31L11	Q31L13	0.967
Q31L11	Q31L16	0.799
Q31L11	Q31L17	0.778
Q31L11	Q31L18	0.72
Q31L11	Q31L19	0.849
Q31L11	Q31L20	0.966
Q31L11	Q31L21	0.868
Q31L11	Q31L23	0.946
Q31L11	Q31L28	0.973
Q31L11	Q31L29	0.835
Q31L11	Q31L30	0.649
Q31L11	Q31L31	0.745
Q31L11	Q31L33	0.793
Q31L11	Q31L34	0.975
Q31L11	Q31LX8	0.713
Q31L11	Q31MB5	0.729
Q31L11	Q31N52	0.957
Q31L11	Q31P66	0.92
Q31L11	Q31PL2	0.791
Q31L11	Q31PV3	0.96
Q31L11	Q31PV6	0.943
Q31L11	Q31QE3	0.93
Q31L11	Q31QK4	0.814
Q31L11	Q31QK5	0.706
Q31L11	Q31RE0	0.75
Q31L11	Q31S72	0.656
Q31L11	Q31SC5	0.853
Q31L11	Q79AV0	0.933
Q31L11	Q9Z3H5	0.761
Q31L11	Q9Z3H6	0.719
Q31L12	Q31L13	0.956
Q31L12	Q31L16	0.761
Q31L12	Q31L17	0.981
Q31L12	Q31L18	0.977
Q31L12	Q31L19	0.986
Q31L12	Q31L20	0.968
Q31L12	Q31L21	0.991
Q31L12	Q31L22	0.949
Q31L12	Q31L23	0.966
Q31L12	Q31L28	0.834
Q31L12	Q31L29	0.927
Q31L12	Q31L31	0.971
Q31L12	Q31L33	0.99
Q31L12	Q31L34	0.773
Q31L12	Q31LJ0	0.718
Q31L12	Q31LJ5	0.726
Q31L12	Q31LM4	0.679
Q31L12	Q31LM9	0.695
Q31L12	Q31LX8	0.874
Q31L12	Q31MB5	0.754
Q31L12	Q31MB7	0.745
Q31L12	Q31N38	0.85
Q31L12	Q31N52	0.887
Q31L12	Q31NR2	0.881
Q31L12	Q31NV8	0.785
Q31L12	Q31P66	0.898
Q31L12	Q31PL2	0.76
Q31L12	Q31PV3	0.827
Q31L12	Q31PV6	0.769
Q31L12	Q31QE3	0.647
Q31L12	Q31QK3	0.772
Q31L12	Q31QK4	0.972
Q31L12	Q31QK5	0.938
Q31L12	Q31QK6	0.836
Q31L12	Q31S72	0.629
Q31L12	Q79AV0	0.902
Q31L12	Q79PF4	0.729
Q31L12	Q9Z3H5	0.977
Q31L13	Q31L16	0.846
Q31L13	Q31L17	0.883
Q31L13	Q31L18	0.841
Q31L13	Q31L19	0.927
Q31L13	Q31L20	0.991
Q31L13	Q31L21	0.955
Q31L13	Q31L22	0.819
Q31L13	Q31L23	0.986
Q31L13	Q31L28	0.994
Q31L13	Q31L29	0.946
Q31L13	Q31L30	0.673
Q31L13	Q31L31	0.928
Q31L13	Q31L33	0.91
Q31L13	Q31L34	0.994
Q31L13	Q31L83	0.691
Q31L13	Q31LJ1	0.733
Q31L13	Q31LJ5	0.709
Q31L13	Q31LX8	0.684
Q31L13	Q31MB7	0.644
Q31L13	Q31N38	0.803
Q31L13	Q31N52	0.979
Q31L13	Q31NV8	0.728
Q31L13	Q31P66	0.972
Q31L13	Q31P67	0.763
Q31L13	Q31PL2	0.763
Q31L13	Q31PV3	0.978
Q31L13	Q31PV6	0.946
Q31L13	Q31PW1	0.74
Q31L13	Q31QE3	0.919
Q31L13	Q31QF5	0.723
Q31L13	Q31QJ8	0.61
Q31L13	Q31QK4	0.858
Q31L13	Q31QK5	0.827
Q31L13	Q31SC5	0.933
Q31L13	Q79AV0	0.969
Q31L13	Q79PF4	0.735
Q31L13	Q9R6W2	0.622
Q31L13	Q9Z3H5	0.754
Q31L15	Q31L17	0.945
Q31L15	Q31L18	0.856
Q31L15	Q31L19	0.911
Q31L15	Q31L21	0.922
Q31L15	Q31L22	0.879
Q31L15	Q31L31	0.841
Q31L15	Q31LJ5	0.672
Q31L15	Q31ML0	0.585
Q31L15	Q31N38	0.662
Q31L15	Q31NL0	0.623
Q31L15	Q31NR2	0.773
Q31L15	Q31NV7	0.63
Q31L15	Q31QK5	0.67
Q31L15	Q31RF4	0.665
Q31L15	Q54705	0.63
Q31L16	Q31L17	0.801
Q31L16	Q31L18	0.808
Q31L16	Q31L19	0.758
Q31L16	Q31L20	0.972
Q31L16	Q31L21	0.893
Q31L16	Q31L22	0.786
Q31L16	Q31L23	0.909
Q31L16	Q31L28	0.963
Q31L16	Q31L29	0.856
Q31L16	Q31L30	0.708
Q31L16	Q31L31	0.597
Q31L16	Q31L33	0.634
Q31L16	Q31L34	0.956
Q31L16	Q31N38	0.731
Q31L16	Q31N52	0.943
Q31L16	Q31PL2	0.667
Q31L16	Q31PV3	0.873
Q31L16	Q31QE3	0.902
Q31L16	Q31QK4	0.705
Q31L16	Q31QK5	0.816
Q31L16	Q31SC5	0.668
Q31L16	Q79AV0	0.784
Q31L16	Q9R6W2	0.639
Q31L17	Q31L18	0.965
Q31L17	Q31L19	0.985
Q31L17	Q31L20	0.884
Q31L17	Q31L21	0.988
Q31L17	Q31L22	0.956
Q31L17	Q31L23	0.862
Q31L17	Q31L28	0.824
Q31L17	Q31L29	0.783
Q31L17	Q31L30	0.699
Q31L17	Q31L31	0.963
Q31L17	Q31L33	0.98
Q31L17	Q31L34	0.786
Q31L17	Q31LJ0	0.71
Q31L17	Q31LJ5	0.736
Q31L17	Q31LM4	0.596
Q31L17	Q31LM9	0.638
Q31L17	Q31LX8	0.92
Q31L17	Q31MB7	0.782
Q31L17	Q31N38	0.796
Q31L17	Q31N52	0.605
Q31L17	Q31NR2	0.881
Q31L17	Q31NV7	0.71
Q31L17	Q31PC1	0.846
Q31L17	Q31PL2	0.733
Q31L17	Q31PS1	0.635
Q31L17	Q31PV3	0.724
Q31L17	Q31QF5	0.851
Q31L17	Q31QK3	0.769
Q31L17	Q31QK4	0.952
Q31L17	Q31QK5	0.933
Q31L17	Q31QK6	0.812
Q31L17	Q79AV0	0.677
Q31L17	Q79PF4	0.77
Q31L17	Q9R6W2	0.675
Q31L17	Q9Z3H5	0.96
Q31L18	Q31L19	0.955
Q31L18	Q31L20	0.89
Q31L18	Q31L21	0.983
Q31L18	Q31L22	0.929
Q31L18	Q31L23	0.809
Q31L18	Q31L28	0.906
Q31L18	Q31L29	0.876
Q31L18	Q31L30	0.693
Q31L18	Q31L31	0.952
Q31L18	Q31L33	0.964
Q31L18	Q31L34	0.788
Q31L18	Q31LX8	0.742
Q31L18	Q31N38	0.705
Q31L18	Q31N52	0.72
Q31L18	Q31NR1	0.688
Q31L18	Q31NR2	0.84
Q31L18	Q31P67	0.79
Q31L18	Q31PL2	0.726
Q31L18	Q31PV3	0.718
Q31L18	Q31PV6	0.735
Q31L18	Q31QE3	0.668
Q31L18	Q31QK3	0.832
Q31L18	Q31QK4	0.979
Q31L18	Q31QK5	0.892
Q31L18	Q31S72	0.656
Q31L18	Q79AV0	0.657
Q31L18	Q79PF4	0.662
Q31L18	Q9R6W2	0.618
Q31L18	Q9Z3H5	0.895
Q31L19	Q31L20	0.934
Q31L19	Q31L21	0.988
Q31L19	Q31L22	0.981
Q31L19	Q31L23	0.887
Q31L19	Q31L28	0.904
Q31L19	Q31L29	0.709
Q31L19	Q31L30	0.826
Q31L19	Q31L31	0.976
Q31L19	Q31L33	0.978
Q31L19	Q31L34	0.883
Q31L19	Q31L59	0.653
Q31L19	Q31LJ1	0.66
Q31L19	Q31LJ5	0.788
Q31L19	Q31LL9	0.771
Q31L19	Q31LM9	0.705
Q31L19	Q31LU5	0.896
Q31L19	Q31LX8	0.888
Q31L19	Q31MB7	0.696
Q31L19	Q31N15	0.695
Q31L19	Q31N17	0.683
Q31L19	Q31N38	0.835
Q31L19	Q31N52	0.829
Q31L19	Q31NR2	0.844
Q31L19	Q31P08	0.831
Q31L19	Q31P66	0.768
Q31L19	Q31PL2	0.832
Q31L19	Q31PL8	0.75
Q31L19	Q31PT6	0.643
Q31L19	Q31PV3	0.789
Q31L19	Q31PV6	0.681
Q31L19	Q31QE3	0.846
Q31L19	Q31QF2	0.716
Q31L19	Q31QK3	0.829
Q31L19	Q31QK4	0.967
Q31L19	Q31QK5	0.973
Q31L19	Q31QK6	0.911
Q31L19	Q31R70	0.799
Q31L19	Q31RG1	0.647
Q31L19	Q31SB9	0.645
Q31L19	Q31SC5	0.684
Q31L19	Q79AV0	0.758
Q31L19	Q79N42	0.748
Q31L19	Q79PF4	0.836
Q31L19	Q7X4K8	0.67
Q31L19	Q9R6W2	0.676
Q31L19	Q9Z3H5	0.957
Q31L20	Q31L21	0.936
Q31L20	Q31L22	0.874
Q31L20	Q31L23	0.989
Q31L20	Q31L28	0.997
Q31L20	Q31L29	0.945
Q31L20	Q31L30	0.691
Q31L20	Q31L31	0.905
Q31L20	Q31L33	0.905
Q31L20	Q31L34	0.992
Q31L20	Q31LJ5	0.733
Q31L20	Q31LX8	0.709
Q31L20	Q31MB7	0.618
Q31L20	Q31N38	0.742
Q31L20	Q31N52	0.988
Q31L20	Q31NT0	0.622
Q31L20	Q31P66	0.991
Q31L20	Q31P67	0.758
Q31L20	Q31PL2	0.754
Q31L20	Q31PV3	0.977
Q31L20	Q31PV6	0.969
Q31L20	Q31QE3	0.913
Q31L20	Q31QK4	0.931
Q31L20	Q31QK5	0.919
Q31L20	Q31RE0	0.721
Q31L20	Q31SC5	0.947
Q31L20	Q79AV0	0.961
Q31L20	Q79PF4	0.729
Q31L20	Q9R6W2	0.634
Q31L20	Q9Z3H5	0.799
Q31L21	Q31L22	0.989
Q31L21	Q31L23	0.926
Q31L21	Q31L28	0.949
Q31L21	Q31L29	0.834
Q31L21	Q31L30	0.788
Q31L21	Q31L31	0.971
Q31L21	Q31L33	0.995
Q31L21	Q31L34	0.957
Q31L21	Q31LJ0	0.667
Q31L21	Q31LJ5	0.728
Q31L21	Q31LU5	0.67
Q31L21	Q31LX8	0.93
Q31L21	Q31MB5	0.762
Q31L21	Q31MB7	0.769
Q31L21	Q31MY7	0.636
Q31L21	Q31N38	0.893
Q31L21	Q31N52	0.858
Q31L21	Q31NR2	0.901
Q31L21	Q31NZ1	0.838
Q31L21	Q31PL2	0.87
Q31L21	Q31PS1	0.592
Q31L21	Q31PV3	0.903
Q31L21	Q31PV6	0.853
Q31L21	Q31PW1	0.77
Q31L21	Q31QE3	0.744
Q31L21	Q31QF5	0.698
Q31L21	Q31QJ8	0.616
Q31L21	Q31QK3	0.819
Q31L21	Q31QK4	0.99
Q31L21	Q31QK5	0.981
Q31L21	Q31QK6	0.898
Q31L21	Q31S72	0.639
Q31L21	Q79AV0	0.834
Q31L21	Q79PF4	0.795
Q31L21	Q9R6W2	0.757
Q31L21	Q9Z3H5	0.96
Q31L22	Q31L23	0.813
Q31L22	Q31L31	0.869
Q31L22	Q31L33	0.934
Q31L22	Q31LL9	0.698
Q31L22	Q31N38	0.736
Q31L22	Q31NR2	0.711
Q31L22	Q31P73	0.612
Q31L22	Q31PV6	0.683
Q31L22	Q31QK3	0.87
Q31L22	Q31QK4	0.941
Q31L22	Q31QK5	0.929
Q31L22	Q31QK6	0.869
Q31L22	Q9Z3H5	0.914
Q31L23	Q31L28	0.985
Q31L23	Q31L29	0.955
Q31L23	Q31L30	0.663
Q31L23	Q31L31	0.89
Q31L23	Q31L33	0.906
Q31L23	Q31L34	0.984
Q31L23	Q31LJ5	0.696
Q31L23	Q31N38	0.704
Q31L23	Q31N52	0.975
Q31L23	Q31NV8	0.738
Q31L23	Q31P66	0.941
Q31L23	Q31P67	0.77
Q31L23	Q31PL2	0.612
Q31L23	Q31PV3	0.978
Q31L23	Q31PV6	0.912
Q31L23	Q31QE3	0.831
Q31L23	Q31QK4	0.782
Q31L23	Q31QK5	0.775
Q31L23	Q31SC5	0.887
Q31L23	Q79AV0	0.962
Q31L23	Q79PF4	0.655
Q31L23	Q8KPT7	0.714
Q31L26	Q31M23	0.622
Q31L26	Q31M29	0.739
Q31L26	Q31M49	0.646
Q31L26	Q31MQ3	0.687
Q31L26	Q31PK1	0.784
Q31L26	Q31Q19	0.732
Q31L26	Q31Q65	0.662
Q31L26	Q31QV6	0.744
Q31L26	Q31RE9	0.644
Q31L26	Q31RH4	0.681
Q31L26	Q31S42	0.589
Q31L28	Q31L29	0.961
Q31L28	Q31L30	0.867
Q31L28	Q31L31	0.912
Q31L28	Q31L33	0.912
Q31L28	Q31L34	0.992
Q31L28	Q31LJ5	0.757
Q31L28	Q31LM9	0.769
Q31L28	Q31LU5	0.63
Q31L28	Q31LX8	0.711
Q31L28	Q31MB7	0.674
Q31L28	Q31N15	0.645
Q31L28	Q31N17	0.656
Q31L28	Q31N38	0.732
Q31L28	Q31N52	0.99
Q31L28	Q31NV8	0.746
Q31L28	Q31P66	0.972
Q31L28	Q31PL2	0.849
Q31L28	Q31PV3	0.985
Q31L28	Q31PV6	0.969
Q31L28	Q31QE3	0.954
Q31L28	Q31QK4	0.842
Q31L28	Q31QK5	0.864
Q31L28	Q31RE0	0.859
Q31L28	Q31SC5	0.961
Q31L28	Q79AV0	0.959
Q31L28	Q79PF4	0.816
Q31L28	Q9R6W2	0.742
Q31L28	Q9Z3H5	0.718
Q31L29	Q31L30	0.802
Q31L29	Q31L31	0.87
Q31L29	Q31L33	0.888
Q31L29	Q31L34	0.941
Q31L29	Q31LJ5	0.688
Q31L29	Q31N38	0.779
Q31L29	Q31N52	0.892
Q31L29	Q31P66	0.88
Q31L29	Q31PV3	0.888
Q31L29	Q31PV6	0.91
Q31L29	Q31QE3	0.749
Q31L29	Q31QK4	0.701
Q31L29	Q31QK5	0.847
Q31L29	Q79AV0	0.879
Q31L30	Q31L31	0.803
Q31L30	Q31L33	0.809
Q31L30	Q31L34	0.882
Q31L30	Q31L59	0.674
Q31L30	Q31L83	0.841
Q31L30	Q31LJ5	0.767
Q31L30	Q31LM9	0.785
Q31L30	Q31LU5	0.649
Q31L30	Q31MH9	0.858
Q31L30	Q31N15	0.974
Q31L30	Q31N17	0.974
Q31L30	Q31N38	0.819
Q31L30	Q31PL2	0.732
Q31L30	Q31QE3	0.799
Q31L30	Q31QK4	0.7
Q31L30	Q31QK5	0.828
Q31L30	Q31RG0	0.666
Q31L30	Q31SC5	0.636
Q31L30	Q79PF4	0.69
Q31L30	Q7X4K8	0.64
Q31L30	Q9R6W2	0.652
Q31L30	Q9Z3H5	0.649
Q31L31	Q31L33	0.974
Q31L31	Q31L34	0.895
Q31L31	Q31LJ0	0.816
Q31L31	Q31LX8	0.89
Q31L31	Q31MB7	0.644
Q31L31	Q31N38	0.756
Q31L31	Q31N52	0.783
Q31L31	Q31NR2	0.885
Q31L31	Q31PL2	0.737
Q31L31	Q31PV3	0.787
Q31L31	Q31QK3	0.777
Q31L31	Q31QK4	0.984
Q31L31	Q31QK5	0.901
Q31L31	Q79AV0	0.709
Q31L31	Q79PF4	0.864
Q31L31	Q9Z3H5	0.96
Q31L33	Q31L34	0.913
Q31L33	Q31L35	0.591
Q31L33	Q31LX8	0.916
Q31L33	Q31MB7	0.775
Q31L33	Q31ME6	0.759
Q31L33	Q31N38	0.833
Q31L33	Q31N52	0.824
Q31L33	Q31NR2	0.868
Q31L33	Q31P67	0.81
Q31L33	Q31PL2	0.85
Q31L33	Q31PV3	0.852
Q31L33	Q31PV6	0.778
Q31L33	Q31QE3	0.708
Q31L33	Q31QK3	0.822
Q31L33	Q31QK4	0.988
Q31L33	Q31QK5	0.961
Q31L33	Q31QK6	0.869
Q31L33	Q79AV0	0.832
Q31L33	Q79PF4	0.777
Q31L33	Q9R6W2	0.706
Q31L33	Q9Z3H5	0.969
Q31L34	Q31L35	0.615
Q31L34	Q31L83	0.739
Q31L34	Q31LJ5	0.726
Q31L34	Q31LM9	0.693
Q31L34	Q31LX8	0.613
Q31L34	Q31N15	0.681
Q31L34	Q31N17	0.733
Q31L34	Q31N38	0.702
Q31L34	Q31N52	0.981
Q31L34	Q31P66	0.972
Q31L34	Q31PL2	0.788
Q31L34	Q31PV3	0.983
Q31L34	Q31PV6	0.968
Q31L34	Q31QE3	0.949
Q31L34	Q31QK4	0.918
Q31L34	Q31QK5	0.878
Q31L34	Q31RE0	0.773
Q31L34	Q31SC5	0.957
Q31L34	Q79AV0	0.934
Q31L34	Q79PF4	0.758
Q31L34	Q9R6W2	0.651
Q31L34	Q9Z3H5	0.695
Q31L35	Q31NR2	0.672
Q31L36	Q31LF2	0.716
Q31L36	Q31LP4	0.65
Q31L36	Q31LW2	0.616
Q31L36	Q31MF3	0.809
Q31L36	Q31P47	0.632
Q31L36	Q31PM2	0.707
Q31L36	Q31PX5	0.795
Q31L36	Q31QQ4	0.652
Q31L36	Q31QZ9	0.638
Q31L36	Q31R18	0.638
Q31L36	Q8GJM0	0.735
Q31L36	Q9Z3G5	0.677
Q31L49	Q31LU7	0.722
Q31L56	Q31QE3	0.71
Q31L56	Q31QL4	0.6
Q31L59	Q31L83	0.622
Q31L59	Q31LE9	0.66
Q31L59	Q31LJ0	0.65
Q31L59	Q31LJ5	0.65
Q31L59	Q31LK9	0.797
Q31L59	Q31LL9	0.724
Q31L59	Q31LM9	0.632
Q31L59	Q31LQ7	0.67
Q31L59	Q31LV9	0.647
Q31L59	Q31LX8	0.68
Q31L59	Q31LY1	0.787
Q31L59	Q31M07	0.68
Q31L59	Q31M41	0.686
Q31L59	Q31M58	0.76
Q31L59	Q31MA8	0.662
Q31L59	Q31ME6	0.626
Q31L59	Q31MH4	0.64
Q31L59	Q31ML0	0.669
Q31L59	Q31MY4	0.692
Q31L59	Q31MY7	0.808
Q31L59	Q31N15	0.639
Q31L59	Q31N17	0.62
Q31L59	Q31N24	0.656
Q31L59	Q31N38	0.716
Q31L59	Q31N86	0.812
Q31L59	Q31NB2	0.758
Q31L59	Q31NB3	0.721
Q31L59	Q31NC9	0.631
Q31L59	Q31NJ5	0.65
Q31L59	Q31NQ0	0.609
Q31L59	Q31NS1	0.694
Q31L59	Q31P62	0.66
Q31L59	Q31P73	0.8
Q31L59	Q31P93	0.715
Q31L59	Q31PD8	0.794
Q31L59	Q31PD9	0.8
Q31L59	Q31PI7	0.71
Q31L59	Q31PL1	0.788
Q31L59	Q31PL2	0.658
Q31L59	Q31PL8	0.668
Q31L59	Q31PN3	0.65
Q31L59	Q31PP7	0.674
Q31L59	Q31PS1	0.632
Q31L59	Q31PV4	0.769
Q31L59	Q31PV6	0.635
Q31L59	Q31PW3	0.722
Q31L59	Q31Q43	0.717
Q31L59	Q31Q65	0.603
Q31L59	Q31QC6	0.645
Q31L59	Q31QD7	0.81
Q31L59	Q31QE3	0.63
Q31L59	Q31QF2	0.749
Q31L59	Q31QF3	0.658
Q31L59	Q31QG3	0.601
Q31L59	Q31QJ2	0.695
Q31L59	Q31QJ8	0.753
Q31L59	Q31QK4	0.659
Q31L59	Q31QK5	0.724
Q31L59	Q31QK6	0.813
Q31L59	Q31QL9	0.659
Q31L59	Q31QN3	0.661
Q31L59	Q31QN4	0.692
Q31L59	Q31QQ3	0.644
Q31L59	Q31QU9	0.773
Q31L59	Q31QV2	0.769
Q31L59	Q31QY2	0.794
Q31L59	Q31R70	0.637
Q31L59	Q31RF1	0.742
Q31L59	Q31RF4	0.617
Q31L59	Q31RF9	0.776
Q31L59	Q31RG0	0.818
Q31L59	Q31RG1	0.804
Q31L59	Q31RG2	0.831
Q31L59	Q31RJ0	0.656
Q31L59	Q31RK5	0.662
Q31L59	Q31RM7	0.68
Q31L59	Q31RP2	0.692
Q31L59	Q31RP7	0.806
Q31L59	Q31RX9	0.787
Q31L59	Q31S19	0.667
Q31L59	Q31S39	0.792
Q31L59	Q31SC5	0.673
Q31L59	Q54705	0.783
Q31L59	Q54709	0.696
Q31L59	Q54734	0.613
Q31L59	Q54764	0.602
Q31L59	Q54776	0.711
Q31L59	Q55357	0.769
Q31L59	Q59984	0.799
Q31L59	Q79N42	0.638
Q31L59	Q7X4K8	0.711
Q31L59	Q8GMR7	0.673
Q31L59	Q8GMR8	0.708
Q31L59	Q8GMT0	0.808
Q31L59	Q8VW88	0.817
Q31L59	Q935Z3	0.806
Q31L59	Q9L4P4	0.753
Q31L59	Q9R6W2	0.721
Q31L59	Q9Z3G5	0.655
Q31L76	Q31ND9	0.8
Q31L76	Q31RC4	0.757
Q31L79	Q9KHI5	0.998
Q31L83	Q31LJ5	0.729
Q31L83	Q31LM9	0.731
Q31L83	Q31MH9	0.677
Q31L83	Q31N15	0.871
Q31L83	Q31N17	0.871
Q31L83	Q31N38	0.753
Q31L83	Q31PC1	0.612
Q31L83	Q31PL2	0.648
Q31L83	Q31PV3	0.644
Q31L83	Q31QK4	0.635
Q31L83	Q31QK5	0.84
Q31L83	Q31RF1	0.802
Q31L83	Q79PF4	0.683
Q31L96	Q31LK8	0.7
Q31L96	Q31N24	0.641
Q31L96	Q31QK9	0.685
Q31L96	Q31R76	0.676
Q31LA0	Q31M29	0.644
Q31LA0	Q31QM9	0.68
Q31LA3	Q31M58	0.61
Q31LA3	Q31M79	0.645
Q31LA3	Q31QL1	0.791
Q31LA3	Q55041	0.614
Q31LA3	Q59943	0.607
Q31LB8	Q31PX4	0.647
Q31LC2	Q31N38	0.656
Q31LC2	Q31P93	0.716
Q31LC2	Q31RM7	0.681
Q31LC2	Q9L4P3	0.74
Q31LC9	Q31Q76	0.755
Q31LC9	Q31QT5	0.749
Q31LC9	Q31QY8	0.72
Q31LD7	Q31QR3	0.624
Q31LE1	Q31Q06	0.686
Q31LE1	Q31QR5	0.63
Q31LE4	Q31M96	0.735
Q31LE4	Q31N93	0.779
Q31LE4	Q31PM0	0.751
Q31LE9	Q31LJ5	0.665
Q31LE9	Q31N38	0.75
Q31LE9	Q31PL2	0.647
Q31LE9	Q31QJ2	0.639
Q31LE9	Q31QK5	0.632
Q31LE9	Q31QY2	0.713
Q31LE9	Q8GMR7	0.738
Q31LE9	Q9Z3H5	0.652
Q31LF0	Q31MQ7	0.748
Q31LF0	Q8GIS8	0.769
Q31LF2	Q31MF3	0.704
Q31LF2	Q31MS0	0.661
Q31LF2	Q31MU1	0.668
Q31LF2	Q31N58	0.781
Q31LF2	Q31PN5	0.791
Q31LF2	Q31Q06	0.642
Q31LF2	Q31QS5	0.753
Q31LF3	Q31PX4	0.674
Q31LF9	Q31PI6	0.754
Q31LF9	Q31QC6	0.651
Q31LF9	Q31QQ0	0.651
Q31LF9	Q31SC8	0.643
Q31LF9	Q55024	0.731
Q31LG5	Q31QF2	0.795
Q31LH6	Q31PF2	0.643
Q31LH6	Q31PP6	0.652
Q31LH6	Q31PZ6	0.811
Q31LH6	Q8GMR3	0.631
Q31LH6	Q935Y4	0.8
Q31LJ0	Q31LJ1	0.999
Q31LJ0	Q31LJ5	0.732
Q31LJ0	Q31LM4	0.653
Q31LJ0	Q31LM9	0.819
Q31LJ0	Q31LX8	0.658
Q31LJ0	Q31ME6	0.777
Q31LJ0	Q31ML0	0.647
Q31LJ0	Q31N38	0.705
Q31LJ0	Q31N64	0.708
Q31LJ0	Q31NJ5	0.635
Q31LJ0	Q31NL0	0.627
Q31LJ0	Q31NL7	0.993
Q31LJ0	Q31NT9	0.999
Q31LJ0	Q31NU0	0.95
Q31LJ0	Q31NV7	0.753
Q31LJ0	Q31NV8	0.716
Q31LJ0	Q31P07	0.672
Q31LJ0	Q31P08	0.779
Q31LJ0	Q31PD0	0.621
Q31LJ0	Q31PI7	0.998
Q31LJ0	Q31PP7	0.676
Q31LJ0	Q31PR9	0.95
Q31LJ0	Q31PS1	0.694
Q31LJ0	Q31PW1	0.833
Q31LJ0	Q31QF5	0.894
Q31LJ0	Q31QK5	0.694
Q31LJ0	Q31QV2	0.997
Q31LJ0	Q31RA2	0.902
Q31LJ0	Q31RE4	0.745
Q31LJ0	Q31RF1	0.661
Q31LJ0	Q31RF3	0.899
Q31LJ0	Q31RF4	0.745
Q31LJ0	Q31RJ0	0.79
Q31LJ0	Q31S00	0.611
Q31LJ0	Q54705	0.754
Q31LJ0	Q8KPT7	0.729
Q31LJ0	Q935X4	0.592
Q31LJ1	Q31LJ5	0.7
Q31LJ1	Q31LM9	0.741
Q31LJ1	Q31ME6	0.828
Q31LJ1	Q31ML0	0.663
Q31LJ1	Q31MS2	0.59
Q31LJ1	Q31N38	0.686
Q31LJ1	Q31NJ5	0.669
Q31LJ1	Q31NL7	0.995
Q31LJ1	Q31NT9	0.999
Q31LJ1	Q31NU0	0.95
Q31LJ1	Q31NV7	0.736
Q31LJ1	Q31P07	0.621
Q31LJ1	Q31P08	0.797
Q31LJ1	Q31PD0	0.612
Q31LJ1	Q31PI7	0.998
Q31LJ1	Q31PP7	0.671
Q31LJ1	Q31PR9	0.95
Q31LJ1	Q31PS1	0.674
Q31LJ1	Q31PW1	0.835
Q31LJ1	Q31QF5	0.912
Q31LJ1	Q31QK5	0.707
Q31LJ1	Q31QV2	0.997
Q31LJ1	Q31RA2	0.87
Q31LJ1	Q31RE4	0.682
Q31LJ1	Q31RF1	0.748
Q31LJ1	Q31RF3	0.904
Q31LJ1	Q31RF4	0.74
Q31LJ1	Q31RJ0	0.768
Q31LJ1	Q31S00	0.595
Q31LJ1	Q54705	0.679
Q31LJ1	Q8KPT7	0.753
Q31LJ1	Q935X4	0.664
Q31LJ3	Q31LW2	0.796
Q31LJ3	Q31MF5	0.76
Q31LJ3	Q31QU3	0.703
Q31LJ3	Q31QV8	0.643
Q31LJ5	Q31LK9	0.663
Q31LJ5	Q31LM9	0.712
Q31LJ5	Q31LQ7	0.79
Q31LJ5	Q31LU5	0.815
Q31LJ5	Q31LX8	0.723
Q31LJ5	Q31ME6	0.687
Q31LJ5	Q31ML0	0.694
Q31LJ5	Q31ML1	0.798
Q31LJ5	Q31MS2	0.703
Q31LJ5	Q31MY7	0.726
Q31LJ5	Q31N15	0.766
Q31LJ5	Q31N17	0.752
Q31LJ5	Q31N38	0.75
Q31LJ5	Q31N52	0.66
Q31LJ5	Q31NB2	0.75
Q31LJ5	Q31NC9	0.813
Q31LJ5	Q31NG7	0.692
Q31LJ5	Q31NJ5	0.725
Q31LJ5	Q31NS1	0.716
Q31LJ5	Q31NT9	0.697
Q31LJ5	Q31NV7	0.753
Q31LJ5	Q31NZ1	0.701
Q31LJ5	Q31P08	0.751
Q31LJ5	Q31P66	0.623
Q31LJ5	Q31P73	0.609
Q31LJ5	Q31P93	0.872
Q31LJ5	Q31PC1	0.694
Q31LJ5	Q31PD8	0.634
Q31LJ5	Q31PD9	0.743
Q31LJ5	Q31PI7	0.706
Q31LJ5	Q31PL2	0.744
Q31LJ5	Q31PL8	0.768
Q31LJ5	Q31PN3	0.85
Q31LJ5	Q31PP7	0.766
Q31LJ5	Q31PS1	0.788
Q31LJ5	Q31PT6	0.832
Q31LJ5	Q31PV3	0.65
Q31LJ5	Q31PV4	0.772
Q31LJ5	Q31PV6	0.74
Q31LJ5	Q31PW1	0.69
Q31LJ5	Q31PW3	0.762
Q31LJ5	Q31Q43	0.758
Q31LJ5	Q31QC4	0.658
Q31LJ5	Q31QC6	0.825
Q31LJ5	Q31QD7	0.665
Q31LJ5	Q31QE3	0.773
Q31LJ5	Q31QF2	0.671
Q31LJ5	Q31QF5	0.674
Q31LJ5	Q31QI4	0.747
Q31LJ5	Q31QJ2	0.75
Q31LJ5	Q31QK4	0.7
Q31LJ5	Q31QK5	0.778
Q31LJ5	Q31QK6	0.748
Q31LJ5	Q31QL0	0.648
Q31LJ5	Q31QL4	0.683
Q31LJ5	Q31QL9	0.737
Q31LJ5	Q31QN4	0.639
Q31LJ5	Q31QQ0	0.759
Q31LJ5	Q31QQ3	0.734
Q31LJ5	Q31QS4	0.688
Q31LJ5	Q31QU9	0.752
Q31LJ5	Q31QV2	0.721
Q31LJ5	Q31QV3	0.725
Q31LJ5	Q31QY2	0.612
Q31LJ5	Q31QY6	0.774
Q31LJ5	Q31R70	0.614
Q31LJ5	Q31RA2	0.724
Q31LJ5	Q31RE4	0.769
Q31LJ5	Q31RF0	0.803
Q31LJ5	Q31RF1	0.682
Q31LJ5	Q31RF3	0.75
Q31LJ5	Q31RF4	0.769
Q31LJ5	Q31RF9	0.75
Q31LJ5	Q31RG1	0.728
Q31LJ5	Q31RG2	0.705
Q31LJ5	Q31RJ0	0.749
Q31LJ5	Q31RK5	0.749
Q31LJ5	Q31RM7	0.782
Q31LJ5	Q31RP7	0.687
Q31LJ5	Q31RZ4	0.718
Q31LJ5	Q31RZ5	0.638
Q31LJ5	Q31S00	0.623
Q31LJ5	Q31S39	0.703
Q31LJ5	Q31SB9	0.812
Q31LJ5	Q55357	0.688
Q31LJ5	Q59984	0.668
Q31LJ5	Q79N42	0.825
Q31LJ5	Q7X4K8	0.701
Q31LJ5	Q8VW88	0.722
Q31LJ5	Q935X8	0.649
Q31LJ5	Q9L4P3	0.607
Q31LJ5	Q9L4P4	0.638
Q31LJ5	Q9R6W2	0.721
Q31LJ5	Q9Z3G5	0.612
Q31LK1	Q31LY9	0.785
Q31LK1	Q31NM6	0.759
Q31LK1	Q31P62	0.803
Q31LK1	Q31PI6	0.829
Q31LK1	Q31QL9	0.832
Q31LK1	Q31RM5	0.764
Q31LK8	Q31LK9	0.781
Q31LK8	Q31LL0	0.683
Q31LK8	Q31LP4	0.626
Q31LK8	Q31LW2	0.599
Q31LK8	Q31MG8	0.655
Q31LK8	Q31N55	0.703
Q31LK8	Q31NS8	0.633
Q31LK8	Q31P47	0.671
Q31LK8	Q31P62	0.644
Q31LK8	Q31PD8	0.688
Q31LK8	Q31PD9	0.769
Q31LK8	Q31PF9	0.65
Q31LK8	Q31PS0	0.674
Q31LK8	Q31PX5	0.753
Q31LK8	Q31PY6	0.766
Q31LK8	Q31PZ6	0.682
Q31LK8	Q31Q37	0.708
Q31LK8	Q31QG3	0.708
Q31LK8	Q31QK9	0.782
Q31LK8	Q31QQ3	0.598
Q31LK8	Q31QQ4	0.784
Q31LK8	Q31RF9	0.766
Q31LK8	Q31RG0	0.737
Q31LK8	Q31RG1	0.822
Q31LK8	Q31RG2	0.741
Q31LK8	Q31RP7	0.756
Q31LK8	Q31RW6	0.685
Q31LK8	Q31S11	0.668
Q31LK8	Q31S19	0.642
Q31LK8	Q44115	0.801
Q31LK8	Q44116	0.75
Q31LK8	Q9Z3G5	0.966
Q31LK9	Q31LM9	0.692
Q31LK9	Q31LQ7	0.659
Q31LK9	Q31LS0	0.694
Q31LK9	Q31LU5	0.66
Q31LK9	Q31LY1	0.754
Q31LK9	Q31M41	0.731
Q31LK9	Q31ME6	0.716
Q31LK9	Q31ML0	0.622
Q31LK9	Q31ML1	0.638
Q31LK9	Q31N38	0.767
Q31LK9	Q31N86	0.785
Q31LK9	Q31NJ5	0.688
Q31LK9	Q31NZ1	0.663
Q31LK9	Q31P07	0.605
Q31LK9	Q31P08	0.68
Q31LK9	Q31P52	0.699
Q31LK9	Q31P74	0.606
Q31LK9	Q31PD8	0.916
Q31LK9	Q31PD9	0.937
Q31LK9	Q31PI7	0.731
Q31LK9	Q31PL8	0.79
Q31LK9	Q31PP7	0.715
Q31LK9	Q31PS1	0.731
Q31LK9	Q31PV4	0.819
Q31LK9	Q31PV6	0.747
Q31LK9	Q31QD7	0.817
Q31LK9	Q31QK5	0.794
Q31LK9	Q31QL0	0.652
Q31LK9	Q31QV2	0.737
Q31LK9	Q31QV3	0.617
Q31LK9	Q31RF0	0.651
Q31LK9	Q31RF1	0.827
Q31LK9	Q31RF9	0.943
Q31LK9	Q31RG0	0.918
Q31LK9	Q31RG1	0.943
Q31LK9	Q31RG2	0.939
Q31LK9	Q31RJ0	0.679
Q31LK9	Q31RM7	0.777
Q31LK9	Q31RP7	0.916
Q31LK9	Q31RZ4	0.74
Q31LK9	Q44115	0.79
Q31LK9	Q54705	0.722
Q31LK9	Q54734	0.646
Q31LK9	Q54755	0.68
Q31LK9	Q54776	0.627
Q31LK9	Q7X4K8	0.751
Q31LK9	Q8GIT7	0.685
Q31LK9	Q9L4P3	0.641
Q31LK9	Q9Z3G5	0.874
Q31LL0	Q31P93	0.652
Q31LL0	Q31PZ6	0.674
Q31LL0	Q31Q76	0.835
Q31LL0	Q31QK9	0.752
Q31LL0	Q31QQ3	0.674
Q31LL0	Q31QY2	0.725
Q31LL0	Q31QY8	0.831
Q31LL0	Q31S11	0.693
Q31LL0	Q54705	0.634
Q31LL0	Q8L1E5	0.697
Q31LL6	Q31LL9	0.597
Q31LL7	Q31LW2	0.68
Q31LL7	Q31MY4	0.786
Q31LL7	Q31PS0	0.707
Q31LL7	Q31QC5	0.659
Q31LL7	Q31QZ9	0.596
Q31LL7	Q31S44	0.633
Q31LL7	Q54767	0.628
Q31LL9	Q31LM4	0.654
Q31LL9	Q31LM9	0.727
Q31LL9	Q31N38	0.654
Q31LL9	Q31NV7	0.639
Q31LL9	Q31NZ1	0.672
Q31LL9	Q31QK5	0.658
Q31LL9	Q31RI7	0.671
Q31LL9	Q54705	0.765
Q31LL9	Q8KPV3	0.624
Q31LL9	Q9Z3H5	0.849
Q31LM4	Q31LQ7	0.603
Q31LM4	Q31LS0	0.709
Q31LM4	Q31LW2	0.665
Q31LM4	Q31M27	0.637
Q31LM4	Q31M41	0.658
Q31LM4	Q31MI9	0.654
Q31LM4	Q31N17	0.636
Q31LM4	Q31N86	0.649
Q31LM4	Q31NB2	0.638
Q31LM4	Q31NQ0	0.626
Q31LM4	Q31NT9	0.635
Q31LM4	Q31NV7	0.63
Q31LM4	Q31P62	0.623
Q31LM4	Q31P93	0.712
Q31LM4	Q31PD8	0.623
Q31LM4	Q31PD9	0.682
Q31LM4	Q31PI7	0.628
Q31LM4	Q31PL1	0.642
Q31LM4	Q31PP7	0.682
Q31LM4	Q31PS1	0.738
Q31LM4	Q31Q43	0.622
Q31LM4	Q31Q47	0.664
Q31LM4	Q31Q49	0.621
Q31LM4	Q31QC5	0.697
Q31LM4	Q31QD7	0.755
Q31LM4	Q31QU9	0.605
Q31LM4	Q31R45	0.69
Q31LM4	Q31R69	0.632
Q31LM4	Q31R92	0.703
Q31LM4	Q31RD9	0.692
Q31LM4	Q31RE4	0.786
Q31LM4	Q31RF0	0.64
Q31LM4	Q31RF3	0.68
Q31LM4	Q31RF9	0.694
Q31LM4	Q31RG1	0.652
Q31LM4	Q31RJ0	0.741
Q31LM4	Q31RM7	0.673
Q31LM4	Q31RP7	0.634
Q31LM4	Q31RX1	0.637
Q31LM4	Q54709	0.654
Q31LM4	Q54776	0.655
Q31LM4	Q6V1L5	0.728
Q31LM4	Q7X4K8	0.613
Q31LM4	Q8VW88	0.603
Q31LM4	Q935X4	0.681
Q31LM4	Q9L4P4	0.636
Q31LM4	Q9R6W2	0.625
Q31LM8	Q31RJ2	0.654
Q31LM9	Q31LQ7	0.706
Q31LM9	Q31LU5	0.664
Q31LM9	Q31LV7	0.754
Q31LM9	Q31LV9	0.651
Q31LM9	Q31LX8	0.704
Q31LM9	Q31LY1	0.701
Q31LM9	Q31M07	0.613
Q31LM9	Q31M58	0.645
Q31LM9	Q31M83	0.658
Q31LM9	Q31MA8	0.679
Q31LM9	Q31ME6	0.674
Q31LM9	Q31ML1	0.649
Q31LM9	Q31MY7	0.752
Q31LM9	Q31N15	0.814
Q31LM9	Q31N17	0.812
Q31LM9	Q31N38	0.713
Q31LM9	Q31N52	0.621
Q31LM9	Q31N86	0.802
Q31LM9	Q31NA5	0.869
Q31LM9	Q31NB2	0.73
Q31LM9	Q31NB3	0.629
Q31LM9	Q31NC9	0.703
Q31LM9	Q31NJ5	0.746
Q31LM9	Q31NL0	0.674
Q31LM9	Q31NS1	0.728
Q31LM9	Q31NT9	0.758
Q31LM9	Q31NV7	0.73
Q31LM9	Q31NZ1	0.711
Q31LM9	Q31P08	0.693
Q31LM9	Q31P73	0.666
Q31LM9	Q31P93	0.721
Q31LM9	Q31PC1	0.729
Q31LM9	Q31PD8	0.798
Q31LM9	Q31PD9	0.726
Q31LM9	Q31PI7	0.714
Q31LM9	Q31PL1	0.772
Q31LM9	Q31PL2	0.703
Q31LM9	Q31PL8	0.723
Q31LM9	Q31PN3	0.681
Q31LM9	Q31PP7	0.764
Q31LM9	Q31PS1	0.738
Q31LM9	Q31PV4	0.704
Q31LM9	Q31PV6	0.683
Q31LM9	Q31PW1	0.743
Q31LM9	Q31PW3	0.689
Q31LM9	Q31Q43	0.739
Q31LM9	Q31QC4	0.717
Q31LM9	Q31QC5	0.619
Q31LM9	Q31QC6	0.675
Q31LM9	Q31QD7	0.675
Q31LM9	Q31QE3	0.725
Q31LM9	Q31QF2	0.721
Q31LM9	Q31QF3	0.746
Q31LM9	Q31QF5	0.628
Q31LM9	Q31QI4	0.862
Q31LM9	Q31QJ2	0.711
Q31LM9	Q31QJ8	0.724
Q31LM9	Q31QK4	0.74
Q31LM9	Q31QK5	0.704
Q31LM9	Q31QK6	0.707
Q31LM9	Q31QL0	0.672
Q31LM9	Q31QL9	0.735
Q31LM9	Q31QN3	0.645
Q31LM9	Q31QQ3	0.697
Q31LM9	Q31QU9	0.737
Q31LM9	Q31QV1	0.685
Q31LM9	Q31QV2	0.736
Q31LM9	Q31QV3	0.635
Q31LM9	Q31QY2	0.734
Q31LM9	Q31QY6	0.657
Q31LM9	Q31R58	0.615
Q31LM9	Q31R69	0.593
Q31LM9	Q31R70	0.685
Q31LM9	Q31R87	0.619
Q31LM9	Q31RE4	0.686
Q31LM9	Q31RF0	0.679
Q31LM9	Q31RF1	0.716
Q31LM9	Q31RF3	0.691
Q31LM9	Q31RF4	0.685
Q31LM9	Q31RF9	0.733
Q31LM9	Q31RG1	0.724
Q31LM9	Q31RG2	0.747
Q31LM9	Q31RJ0	0.745
Q31LM9	Q31RK5	0.68
Q31LM9	Q31RM7	0.742
Q31LM9	Q31RP2	0.687
Q31LM9	Q31RP7	0.738
Q31LM9	Q31RX9	0.722
Q31LM9	Q31RZ4	0.658
Q31LM9	Q31S19	0.735
Q31LM9	Q31S39	0.705
Q31LM9	Q31S62	0.706
Q31LM9	Q54705	0.694
Q31LM9	Q55357	0.769
Q31LM9	Q59984	0.7
Q31LM9	Q79N42	0.7
Q31LM9	Q7X4K8	0.734
Q31LM9	Q8GMR8	0.632
Q31LM9	Q8GMT0	0.797
Q31LM9	Q8VW88	0.789
Q31LM9	Q935Z3	0.823
Q31LM9	Q9L4P4	0.754
Q31LM9	Q9R6W2	0.716
Q31LM9	Q9Z3H5	0.642
Q31LN3	Q93AK0	0.65
Q31LN6	Q31MQ7	0.742
Q31LN6	Q31MZ1	0.846
Q31LN6	Q31N54	0.774
Q31LN6	Q31QP4	0.767
Q31LP0	Q31RP7	0.809
Q31LP4	Q31MF2	0.652
Q31LP4	Q31MF3	0.663
Q31LP4	Q31PN3	0.706
Q31LP4	Q31PQ2	0.64
Q31LP4	Q31PS0	0.653
Q31LP4	Q31PX5	0.612
Q31LP4	Q31PY6	0.603
Q31LP4	Q31QC4	0.702
Q31LP4	Q31QJ2	0.715
Q31LP4	Q31QQ4	0.652
Q31LP4	Q31QV0	0.626
Q31LP4	Q31S19	0.725
Q31LP4	Q54705	0.672
Q31LP4	Q8GJM0	0.682
Q31LP4	Q8GMR7	0.608
Q31LP4	Q9Z3G5	0.722
Q31LP7	Q31Q76	0.711
Q31LP7	Q31QK9	0.763
Q31LQ7	Q31LY1	0.824
Q31LQ7	Q31ME6	0.807
Q31LQ7	Q31ML0	0.602
Q31LQ7	Q31N38	0.71
Q31LQ7	Q31N86	0.58
Q31LQ7	Q31NJ5	0.794
Q31LQ7	Q31NL0	0.628
Q31LQ7	Q31NV7	0.687
Q31LQ7	Q31P07	0.776
Q31LQ7	Q31P08	0.843
Q31LQ7	Q31QK5	0.713
Q31LQ7	Q31RF4	0.658
Q31LQ7	Q54705	0.723
Q31LQ7	Q54734	0.708
Q31LQ7	Q8GIT3	0.783
Q31LQ7	Q8VPV6	0.754
Q31LQ7	Q935X4	0.687
Q31LR6	Q31MF4	0.603
Q31LR6	Q31NS1	0.664
Q31LR6	Q31P62	0.599
Q31LR6	Q31PF2	0.677
Q31LR6	Q31PZ6	0.599
Q31LR7	Q31M23	0.777
Q31LR7	Q31PJ5	0.633
Q31LR7	Q31R79	0.63
Q31LR7	Q31RE9	0.636
Q31LR7	Q31RH4	0.706
Q31LS0	Q31R92	0.659
Q31LT0	Q31PI8	0.624
Q31LT0	Q31PT6	0.673
Q31LT0	Q31QL9	0.871
Q31LT0	Q31QQ0	0.79
Q31LT0	Q31QU9	0.772
Q31LT0	Q31RH2	0.607
Q31LT0	Q8GMT0	0.634
Q31LT0	Q8VW88	0.593
Q31LT1	Q31MG8	0.796
Q31LT1	Q31MN6	0.766
Q31LT1	Q31N39	0.758
Q31LT1	Q31QS5	0.768
Q31LT1	Q9Z3G5	0.817
Q31LU5	Q31N38	0.858
Q31LU5	Q31NV8	0.725
Q31LU5	Q31P93	0.75
Q31LU5	Q31PC1	0.804
Q31LU5	Q31PT6	0.679
Q31LU5	Q31QE3	0.809
Q31LU5	Q31QF2	0.729
Q31LU5	Q31QK4	0.62
Q31LU5	Q31QK5	0.874
Q31LU5	Q31R70	0.666
Q31LU5	Q31RG0	0.637
Q31LU5	Q31RG1	0.679
Q31LU5	Q31RM7	0.709
Q31LU5	Q31RZ4	0.923
Q31LU5	Q79N42	0.785
Q31LU5	Q8VW88	0.623
Q31LU7	Q31LV7	0.727
Q31LU7	Q31M27	0.614
Q31LU7	Q31M96	0.682
Q31LU7	Q31MJ6	0.607
Q31LU7	Q31QC5	0.746
Q31LU7	Q31QJ5	0.627
Q31LU7	Q31QY0	0.649
Q31LU7	Q31RH4	0.613
Q31LU7	Q8KPR4	0.593
Q31LV2	Q31P44	0.785
Q31LV2	Q31Q65	0.771
Q31LV2	Q31Q67	0.773
Q31LV2	Q31S64	0.707
Q31LV2	Q54767	0.728
Q31LV2	Q8KPQ0	0.728
Q31LV7	Q31N38	0.621
Q31LV7	Q31NV7	0.645
Q31LV7	Q31QI4	0.754
Q31LV7	Q31R58	0.753
Q31LV9	Q54705	0.808
Q31LW2	Q31LZ3	0.614
Q31LW2	Q31MF5	0.613
Q31LW2	Q31NC7	0.676
Q31LW2	Q31PM2	0.731
Q31LW2	Q31PS0	0.803
Q31LW2	Q31PX5	0.609
Q31LW2	Q31PY6	0.75
Q31LW2	Q31PZ2	0.732
Q31LW2	Q31Q37	0.639
Q31LW2	Q31QV0	0.737
Q31LW2	Q31QZ9	0.621
Q31LW2	Q31S44	0.659
Q31LW2	Q8KPQ0	0.676
Q31LW2	Q8KUU6	0.731
Q31LW9	Q31MF4	0.632
Q31LW9	Q31N34	0.679
Q31LW9	Q31NF6	0.776
Q31LW9	Q31P62	0.805
Q31LW9	Q31P93	0.805
Q31LW9	Q31PI6	0.707
Q31LW9	Q31PP6	0.687
Q31LW9	Q31PU9	0.676
Q31LW9	Q31Q07	0.681
Q31LW9	Q31QC6	0.705
Q31LW9	Q31QU9	0.664
Q31LW9	Q31R91	0.638
Q31LW9	Q31RK5	0.814
Q31LW9	Q55041	0.738
Q31LW9	Q59943	0.682
Q31LW9	Q8GMR3	0.667
Q31LX0	Q31S60	0.741
Q31LX5	Q31M23	0.726
Q31LX5	Q31M29	0.661
Q31LX5	Q31M49	0.637
Q31LX5	Q31MQ3	0.736
Q31LX5	Q31PJ5	0.739
Q31LX5	Q31PK1	0.711
Q31LX5	Q31PN6	0.695
Q31LX5	Q31PX4	0.722
Q31LX5	Q31QT1	0.645
Q31LX5	Q31QV6	0.792
Q31LX5	Q31R79	0.646
Q31LX5	Q31RC4	0.693
Q31LX5	Q31RE9	0.63
Q31LX8	Q31MB7	0.757
Q31LX8	Q31N38	0.768
Q31LX8	Q31N52	0.614
Q31LX8	Q31NV7	0.684
Q31LX8	Q31PL2	0.784
Q31LX8	Q31PW1	0.716
Q31LX8	Q31QF5	0.795
Q31LX8	Q31QK3	0.587
Q31LX8	Q31QK4	0.952
Q31LX8	Q31QK5	0.847
Q31LX8	Q79PF4	0.744
Q31LX8	Q9R6W2	0.674
Q31LX8	Q9Z3H5	0.934
Q31LY1	Q31LY2	0.67
Q31LY1	Q31ME6	0.813
Q31LY1	Q31MY7	0.662
Q31LY1	Q31N38	0.62
Q31LY1	Q31N86	0.796
Q31LY1	Q31NJ5	0.805
Q31LY1	Q31P07	0.751
Q31LY1	Q31P08	0.746
Q31LY1	Q31PD8	0.658
Q31LY1	Q31PD9	0.615
Q31LY1	Q31PI7	0.601
Q31LY1	Q31QD7	0.662
Q31LY1	Q31QV2	0.606
Q31LY1	Q31QY2	0.618
Q31LY1	Q31S39	0.649
Q31LY1	Q54705	0.679
Q31LY2	Q31MS2	0.665
Q31LY2	Q31PP7	0.685
Q31LY2	Q31QC7	0.603
Q31LY2	Q31RE4	0.629
Q31LY2	Q31RJ0	0.682
Q31LY9	Q31RP3	0.761
Q31LZ1	Q31MT0	0.656
Q31LZ1	Q31N34	0.752
Q31LZ1	Q31Q07	0.622
Q31LZ1	Q31QS0	0.625
Q31LZ3	Q31QK9	0.746
Q31LZ3	Q31S44	0.599
Q31M00	Q31PL8	0.894
Q31M00	Q31QK5	0.685
Q31M07	Q31ML0	0.835
Q31M07	Q8GIS4	0.715
Q31M07	Q8GMR8	0.646
Q31M07	Q935Z3	0.661
Q31M08	Q31Q06	0.703
Q31M14	Q31MT0	0.628
Q31M23	Q31M25	0.73
Q31M23	Q31M27	0.702
Q31M23	Q31M29	0.655
Q31M23	Q31MC6	0.659
Q31M23	Q31MF5	0.734
Q31M23	Q31MF9	0.638
Q31M23	Q31NM0	0.602
Q31M23	Q31NS3	0.675
Q31M23	Q31QL7	0.685
Q31M23	Q31QR3	0.633
Q31M23	Q31QU3	0.7
Q31M23	Q31QV6	0.773
Q31M23	Q31R79	0.671
Q31M23	Q31RE9	0.69
Q31M23	Q31RH4	0.695
Q31M23	Q31RJ6	0.685
Q31M23	Q31RL4	0.738
Q31M23	Q31RL9	0.778
Q31M23	Q31RU2	0.728
Q31M23	Q31RX8	0.677
Q31M23	Q31S48	0.629
Q31M23	Q54764	0.665
Q31M23	Q8GIS4	0.583
Q31M23	Q8KPQ5	0.686
Q31M23	Q8KPS9	0.882
Q31M25	Q31NS3	0.617
Q31M25	Q31Q65	0.618
Q31M25	Q31RE9	0.701
Q31M27	Q31MQ3	0.74
Q31M27	Q31N88	0.677
Q31M27	Q31QV6	0.758
Q31M27	Q31RE9	0.743
Q31M29	Q31MQ3	0.664
Q31M29	Q31N83	0.625
Q31M29	Q31PK1	0.647
Q31M29	Q31PX4	0.68
Q31M29	Q31Q19	0.73
Q31M29	Q31QI7	0.733
Q31M29	Q31QM9	0.725
Q31M29	Q31QV6	0.815
Q31M29	Q31QZ9	0.606
Q31M32	Q31ME6	0.669
Q31M32	Q31Q11	0.697
Q31M32	Q31QV0	0.65
Q31M32	Q31RR6	0.675
Q31M32	Q8KPU9	0.672
Q31M32	Q8L1E5	0.65
Q31M37	Q31MT5	0.644
Q31M37	Q31Q06	0.691
Q31M41	Q31N38	0.68
Q31M41	Q31NV7	0.645
Q31M41	Q31QK5	0.679
Q31M41	Q31QK9	0.709
Q31M41	Q31R92	0.68
Q31M41	Q54705	0.735
Q31M42	Q31M79	0.692
Q31M42	Q31PI6	0.823
Q31M42	Q31PY5	0.63
Q31M42	Q31PZ6	0.711
Q31M42	Q31QL1	0.571
Q31M42	Q31R91	0.635
Q31M42	Q59943	0.778
Q31M42	Q935Z3	0.692
Q31M49	Q31MQ3	0.759
Q31M49	Q31N88	0.609
Q31M49	Q31RE9	0.673
Q31M49	Q31RH4	0.726
Q31M58	Q31N38	0.702
Q31M58	Q31P74	0.656
Q31M58	Q31PL1	0.727
Q31M58	Q31QJ2	0.729
Q31M58	Q31QK5	0.684
Q31M58	Q31QY2	0.746
Q31M58	Q31RG0	0.684
Q31M58	Q31RG1	0.652
Q31M58	Q31RI7	0.682
Q31M58	Q31SC5	0.635
Q31M58	Q54705	0.706
Q31M58	Q8VW88	0.675
Q31M79	Q31M80	0.889
Q31M79	Q31MH0	0.635
Q31M79	Q31PI6	0.698
Q31M79	Q31QL1	0.772
Q31M79	Q31RM5	0.672
Q31M79	Q31RU8	0.655
Q31M80	Q31N24	0.698
Q31M80	Q31P62	0.678
Q31M80	Q31QL1	0.617
Q31M80	Q31QP0	0.759
Q31M83	Q31N93	0.849
Q31M83	Q31QF8	0.81
Q31M83	Q31QP4	0.823
Q31M83	Q31RX7	0.623
Q31M96	Q31MQ3	0.649
Q31M96	Q31N93	0.814
Q31M96	Q31PM0	0.652
Q31M96	Q31PX4	0.668
Q31M96	Q31QA2	0.734
Q31M96	Q31QF8	0.805
Q31M96	Q31RE9	0.616
Q31MA8	Q31QC5	0.689
Q31MA8	Q54705	0.756
Q31MB5	Q31S72	0.851
Q31MB6	Q31NC7	0.629
Q31MB6	Q31QF2	0.623
Q31MB6	Q31RM5	0.619
Q31MB6	Q54709	0.685
Q31MB6	Q55311	0.679
Q31MB6	Q7X4K8	0.73
Q31MB7	Q31N38	0.707
Q31MB7	Q31PL2	0.652
Q31MB7	Q31PV3	0.646
Q31MB7	Q31QE3	0.802
Q31MB7	Q31QF5	0.668
Q31MB7	Q31QK4	0.716
Q31MB7	Q31QK5	0.651
Q31MB7	Q9Z3H5	0.647
Q31MC6	Q54767	0.684
Q31MC9	Q31N20	0.636
Q31MC9	Q31QF9	0.609
Q31ME6	Q31N38	0.787
Q31ME6	Q31NE2	0.847
Q31ME6	Q31NJ5	0.899
Q31ME6	Q31NT9	0.838
Q31ME6	Q31NZ1	0.697
Q31ME6	Q31P07	0.924
Q31ME6	Q31P08	0.958
Q31ME6	Q31PI7	0.619
Q31ME6	Q31PL2	0.751
Q31ME6	Q31PP7	0.616
Q31ME6	Q31PV3	0.649
Q31ME6	Q31QF5	0.743
Q31ME6	Q31QK5	0.782
Q31ME6	Q31QU9	0.767
Q31ME6	Q31QV2	0.832
Q31ME6	Q31QY6	0.62
Q31ME6	Q31RA2	0.92
Q31ME6	Q31RE4	0.642
Q31ME6	Q31RF1	0.793
Q31ME6	Q31RF3	0.674
Q31ME6	Q31RF4	0.595
Q31ME6	Q31RJ0	0.697
Q31ME6	Q79PF4	0.739
Q31ME6	Q8GIT3	0.816
Q31ME6	Q8VPV6	0.813
Q31MF2	Q31MF3	0.711
Q31MF2	Q31MF4	0.925
Q31MF2	Q31N24	0.666
Q31MF2	Q31N34	0.728
Q31MF2	Q31NF6	0.705
Q31MF2	Q31P62	0.696
Q31MF2	Q31P93	0.729
Q31MF2	Q31PT6	0.597
Q31MF2	Q31PZ6	0.645
Q31MF2	Q31QC4	0.688
Q31MF2	Q31QQ3	0.795
Q31MF2	Q31RM5	0.623
Q31MF2	Q31S19	0.683
Q31MF2	Q9L4P4	0.621
Q31MF3	Q31MF4	0.71
Q31MF3	Q31MU1	0.681
Q31MF3	Q31N14	0.624
Q31MF3	Q31PN5	0.764
Q31MF3	Q31QK9	0.707
Q31MF3	Q8GJM0	0.698
Q31MF3	Q9Z3G5	0.713
Q31MF4	Q31N38	0.599
Q31MF4	Q31NS1	0.594
Q31MF4	Q31P62	0.764
Q31MF4	Q31P93	0.813
Q31MF4	Q31QQ3	0.753
Q31MF4	Q31RM5	0.66
Q31MF4	Q54705	0.674
Q31MF4	Q9L4P4	0.649
Q31MF5	Q31N83	0.702
Q31MF5	Q31P58	0.833
Q31MF5	Q31Q37	0.709
Q31MF5	Q31QV6	0.622
Q31MF5	Q31QV8	0.675
Q31MF5	Q31S48	0.679
Q31MF5	Q31S64	0.627
Q31MF5	Q8KPQ5	0.634
Q31MF9	Q31PS2	0.812
Q31MF9	Q31Q37	0.63
Q31MF9	Q31S48	0.675
Q31MG8	Q31MI8	0.679
Q31MG8	Q31MN6	0.836
Q31MG8	Q31PQ2	0.766
Q31MG8	Q31QK9	0.755
Q31MG8	Q9Z3G5	0.64
Q31MH0	Q31P93	0.605
Q31MH0	Q31PP6	0.778
Q31MH0	Q31PZ6	0.688
Q31MH0	Q31QF2	0.669
Q31MH0	Q31QL1	0.696
Q31MH0	Q31QZ9	0.673
Q31MH0	Q59943	0.69
Q31MH4	Q54705	0.635
Q31MH9	Q31N15	0.671
Q31MH9	Q31N17	0.67
Q31MI6	Q31PF2	0.607
Q31MI8	Q31MN6	0.784
Q31MI8	Q31MU1	0.626
Q31MI8	Q31PN3	0.843
Q31MI8	Q31PQ2	0.67
Q31MI8	Q31PX5	0.643
Q31MI8	Q31QC4	0.721
Q31MI8	Q31RW6	0.58
Q31MI8	Q31S19	0.598
Q31MI8	Q8GJM0	0.651
Q31MI8	Q9Z3G5	0.733
Q31MI9	Q31NJ7	0.749
Q31MI9	Q31QC2	0.584
Q31MJ1	Q31RT3	0.782
Q31MJ3	Q31Q65	0.669
Q31MJ6	Q31QT1	0.682
Q31MJ6	Q31S93	0.729
Q31ML0	Q31N38	0.678
Q31ML0	Q31NL0	0.732
Q31ML0	Q31NT9	0.642
Q31ML0	Q31NV7	0.74
Q31ML0	Q31NV8	0.727
Q31ML0	Q31P44	0.679
Q31ML0	Q31PI7	0.661
Q31ML0	Q31QI4	0.606
Q31ML0	Q31QK5	0.709
Q31ML0	Q31QV2	0.671
Q31ML0	Q31RE4	0.82
Q31ML0	Q31RE9	0.648
Q31ML0	Q31RF4	0.677
Q31ML0	Q8GIS4	0.725
Q31ML1	Q31N38	0.701
Q31ML1	Q31NV7	0.738
Q31ML1	Q31NV8	0.785
Q31ML1	Q31PT8	0.668
Q31ML1	Q31QK5	0.729
Q31ML1	Q31R92	0.632
Q31MM2	Q31R02	0.638
Q31MM2	Q44115	0.593
Q31MM7	Q31S44	0.605
Q31MN3	Q31NZ4	0.713
Q31MN6	Q31N39	0.761
Q31MN6	Q31PQ2	0.768
Q31MN6	Q31QP9	0.799
Q31MQ1	Q31MQ3	0.649
Q31MQ3	Q31MS0	0.667
Q31MQ3	Q31N88	0.801
Q31MQ3	Q31NM0	0.656
Q31MQ3	Q31P44	0.663
Q31MQ3	Q31PK1	0.759
Q31MQ3	Q31QA2	0.76
Q31MQ3	Q31QC5	0.636
Q31MQ3	Q31QE7	0.76
Q31MQ3	Q31QM2	0.644
Q31MQ3	Q31QU3	0.712
Q31MQ3	Q31QV6	0.771
Q31MQ3	Q31QV8	0.649
Q31MQ3	Q31QY0	0.746
Q31MQ3	Q31R64	0.715
Q31MQ3	Q31R69	0.69
Q31MQ3	Q31RE9	0.757
Q31MQ3	Q31RH4	0.73
Q31MQ3	Q31RJ6	0.633
Q31MQ3	Q31S42	0.681
Q31MQ3	Q54777	0.635
Q31MQ3	Q8GMR8	0.655
Q31MQ3	Q8KPQ5	0.617
Q31MQ7	Q31NJ9	0.797
Q31MQ7	Q31PX4	0.801
Q31MQ7	Q31PX7	0.814
Q31MQ7	Q31QF8	0.78
Q31MQ7	Q31QP4	0.763
Q31MQ7	Q31S56	0.795
Q31MS0	Q31MS1	0.693
Q31MS0	Q31Q06	0.654
Q31MS0	Q31QM9	0.67
Q31MS0	Q31QZ9	0.642
Q31MS0	Q31S93	0.749
Q31MS0	Q8GJM0	0.688
Q31MS1	Q31MS2	0.631
Q31MS2	Q31N38	0.714
Q31MS2	Q31NM5	0.671
Q31MS2	Q31NV7	0.675
Q31MS2	Q31PP7	0.614
Q31MS2	Q31QK5	0.653
Q31MS2	Q31QV2	0.591
Q31MS2	Q31QY6	0.648
Q31MS2	Q31RA2	0.606
Q31MS2	Q31RE4	0.626
Q31MS2	Q31RF3	0.689
Q31MS2	Q31RJ0	0.657
Q31MS2	Q31RZ5	0.643
Q31MS2	Q31S00	0.617
Q31MT0	Q31N24	0.671
Q31MT0	Q31N99	0.667
Q31MT0	Q31PY5	0.726
Q31MT0	Q31PZ6	0.738
Q31MT0	Q31Q07	0.746
Q31MT0	Q54709	0.622
Q31MT5	Q31N58	0.621
Q31MT5	Q9KHI5	0.998
Q31MU1	Q31R01	0.689
Q31MV0	Q31PZ6	0.659
Q31MY4	Q31P84	0.75
Q31MY4	Q31PX4	0.589
Q31MY4	Q54705	0.656
Q31MY7	Q31N38	0.74
Q31MY7	Q31PD8	0.625
Q31MY7	Q31PL1	0.633
Q31MY7	Q31Q43	0.664
Q31MY7	Q31QJ8	0.685
Q31MY7	Q31QK5	0.854
Q31MY7	Q31QK6	0.72
Q31MY7	Q31QY2	0.606
Q31MY7	Q31QZ9	0.648
Q31MY7	Q31RG0	0.827
Q31MY7	Q31RG1	0.702
Q31MY7	Q31SC5	0.651
Q31MY7	Q59984	0.677
Q31MY7	Q79N42	0.713
Q31MY7	Q7X4K8	0.77
Q31MZ1	Q31N54	0.773
Q31MZ1	Q31RK1	0.743
Q31MZ1	Q8GMT3	0.816
Q31N14	Q31PN5	0.744
Q31N15	Q31N17	0.974
Q31N15	Q31N38	0.777
Q31N15	Q31NV8	0.719
Q31N15	Q31P52	0.695
Q31N15	Q31PL2	0.682
Q31N15	Q31QE3	0.679
Q31N15	Q31QK4	0.602
Q31N15	Q31QK5	0.856
Q31N15	Q31QV2	0.665
Q31N15	Q31RF9	0.79
Q31N15	Q31RG0	0.686
Q31N15	Q31SC5	0.619
Q31N15	Q79PF4	0.649
Q31N15	Q9R6W2	0.66
Q31N17	Q31N38	0.756
Q31N17	Q31N52	0.678
Q31N17	Q31NV8	0.765
Q31N17	Q31P52	0.673
Q31N17	Q31PL2	0.69
Q31N17	Q31PV3	0.647
Q31N17	Q31QE3	0.644
Q31N17	Q31QK4	0.642
Q31N17	Q31QK5	0.815
Q31N17	Q31RF9	0.739
Q31N17	Q79PF4	0.677
Q31N18	Q31S44	0.622
Q31N20	Q54769	0.852
Q31N24	Q31PZ6	0.824
Q31N24	Q54705	0.705
Q31N26	Q31PY5	0.772
Q31N26	Q31PZ6	0.677
Q31N26	Q935Y4	0.729
Q31N34	Q31NF6	0.855
Q31N34	Q31P62	0.731
Q31N34	Q31P93	0.628
Q31N34	Q31PF2	0.697
Q31N34	Q31PP6	0.704
Q31N34	Q31PY6	0.658
Q31N34	Q31PZ6	0.848
Q31N34	Q31QQ3	0.811
Q31N34	Q31QY8	0.754
Q31N34	Q31RM5	0.625
Q31N34	Q935Y4	0.759
Q31N38	Q31N86	0.693
Q31N38	Q31NB2	0.788
Q31N38	Q31NB3	0.726
Q31N38	Q31NI7	0.628
Q31N38	Q31NJ5	0.766
Q31N38	Q31NL0	0.687
Q31N38	Q31NR2	0.638
Q31N38	Q31NT9	0.705
Q31N38	Q31NV7	0.683
Q31N38	Q31NV8	0.772
Q31N38	Q31NZ1	0.828
Q31N38	Q31P07	0.651
Q31N38	Q31P08	0.722
Q31N38	Q31P66	0.727
Q31N38	Q31P73	0.719
Q31N38	Q31P93	0.709
Q31N38	Q31PC1	0.748
Q31N38	Q31PD8	0.692
Q31N38	Q31PD9	0.8
Q31N38	Q31PI7	0.756
Q31N38	Q31PL1	0.701
Q31N38	Q31PL2	0.835
Q31N38	Q31PL8	0.791
Q31N38	Q31PP7	0.715
Q31N38	Q31PS1	0.79
Q31N38	Q31PT6	0.691
Q31N38	Q31PV3	0.644
Q31N38	Q31PV4	0.824
Q31N38	Q31PV6	0.855
Q31N38	Q31PW1	0.657
Q31N38	Q31PW3	0.678
Q31N38	Q31Q43	0.792
Q31N38	Q31Q49	0.604
Q31N38	Q31QC4	0.683
Q31N38	Q31QD7	0.687
Q31N38	Q31QE3	0.734
Q31N38	Q31QF2	0.868
Q31N38	Q31QF3	0.745
Q31N38	Q31QF5	0.725
Q31N38	Q31QI4	0.747
Q31N38	Q31QJ2	0.74
Q31N38	Q31QJ8	0.704
Q31N38	Q31QK4	0.792
Q31N38	Q31QK5	0.821
Q31N38	Q31QK6	0.804
Q31N38	Q31QL9	0.668
Q31N38	Q31QN4	0.676
Q31N38	Q31QQ0	0.622
Q31N38	Q31QU9	0.678
Q31N38	Q31QV1	0.632
Q31N38	Q31QV2	0.784
Q31N38	Q31QV3	0.676
Q31N38	Q31QY2	0.774
Q31N38	Q31QY6	0.709
Q31N38	Q31R58	0.707
Q31N38	Q31R70	0.703
Q31N38	Q31RA2	0.737
Q31N38	Q31RE4	0.752
Q31N38	Q31RF0	0.816
Q31N38	Q31RF1	0.792
Q31N38	Q31RF3	0.711
Q31N38	Q31RF4	0.724
Q31N38	Q31RF9	0.815
Q31N38	Q31RG0	0.816
Q31N38	Q31RG1	0.804
Q31N38	Q31RG2	0.851
Q31N38	Q31RJ0	0.703
Q31N38	Q31RK5	0.739
Q31N38	Q31RM7	0.817
Q31N38	Q31RP7	0.775
Q31N38	Q31RZ4	0.823
Q31N38	Q31RZ5	0.612
Q31N38	Q31S00	0.665
Q31N38	Q31S39	0.768
Q31N38	Q31S58	0.622
Q31N38	Q31SB9	0.672
Q31N38	Q31SC5	0.695
Q31N38	Q54776	0.613
Q31N38	Q55357	0.733
Q31N38	Q59984	0.657
Q31N38	Q79AV0	0.639
Q31N38	Q79N42	0.769
Q31N38	Q7X4K8	0.764
Q31N38	Q8GMT0	0.625
Q31N38	Q8VW88	0.778
Q31N38	Q935X4	0.603
Q31N38	Q935X8	0.693
Q31N38	Q935Y7	0.757
Q31N38	Q9L4P3	0.64
Q31N38	Q9L4P4	0.648
Q31N38	Q9R6W2	0.766
Q31N38	Q9Z3G5	0.7
Q31N38	Q9Z3G6	0.579
Q31N38	Q9Z3H5	0.752
Q31N39	Q31PQ2	0.738
Q31N52	Q31P66	0.978
Q31N52	Q31P67	0.686
Q31N52	Q31PC1	0.652
Q31N52	Q31PL2	0.803
Q31N52	Q31PV3	0.966
Q31N52	Q31PV6	0.948
Q31N52	Q31QE3	0.928
Q31N52	Q31QK4	0.815
Q31N52	Q31QK5	0.855
Q31N52	Q31R58	0.659
Q31N52	Q31RF1	0.661
Q31N52	Q31SC5	0.924
Q31N52	Q79AV0	0.942
Q31N52	Q79PF4	0.687
Q31N52	Q9R6W2	0.66
Q31N54	Q31N93	0.759
Q31N54	Q31PX4	0.64
Q31N54	Q31QF8	0.762
Q31N54	Q31QP4	0.827
Q31N54	Q8GMT3	0.667
Q31N55	Q31PQ2	0.683
Q31N83	Q31QM9	0.699
Q31N83	Q31S48	0.634
Q31N83	Q31S93	0.639
Q31N83	Q935X2	0.696
Q31N86	Q31PD8	0.716
Q31N86	Q31PD9	0.667
Q31N86	Q31QD7	0.734
Q31N86	Q31QF2	0.612
Q31N86	Q31RG1	0.654
Q31N86	Q54705	0.792
Q31N88	Q31N93	0.768
Q31N88	Q31PX4	0.695
Q31N88	Q31QA2	0.773
Q31N88	Q31QF8	0.8
Q31N88	Q31QY0	0.824
Q31N88	Q31RE9	0.772
Q31N88	Q31RH4	0.73
Q31N90	Q31QL4	0.614
Q31N93	Q31PM0	0.835
Q31N93	Q31QA2	0.757
Q31N93	Q31QF8	0.819
Q31N93	Q31QM2	0.853
Q31N93	Q31QS6	0.77
Q31N93	Q8GMT3	0.74
Q31NA5	Q935Z3	0.798
Q31NB2	Q31NB3	0.996
Q31NB2	Q31NV8	0.766
Q31NB2	Q31QK5	0.889
Q31NB2	Q31QK6	0.739
Q31NB2	Q31RF9	0.752
Q31NB3	Q31NV7	0.709
Q31NB3	Q31NV8	0.789
Q31NB3	Q31PD8	0.686
Q31NB3	Q31Q05	0.95
Q31NB3	Q31QK5	0.823
Q31NB3	Q31QK6	0.758
Q31NB3	Q31RF9	0.746
Q31NB3	Q31RG0	0.78
Q31NB3	Q31SC5	0.612
Q31NC7	Q31PX5	0.704
Q31NC7	Q31S44	0.625
Q31NC7	Q54767	0.601
Q31NC9	Q31PI8	0.64
Q31NC9	Q31PW3	0.752
Q31NC9	Q31QC6	0.622
Q31NC9	Q31QK5	0.72
Q31NC9	Q31QL4	0.612
Q31NC9	Q59984	0.725
Q31NC9	Q79N42	0.672
Q31ND7	Q31R45	0.676
Q31ND7	Q54705	0.71
Q31ND9	Q31PD1	0.788
Q31ND9	Q31PJ5	0.787
Q31ND9	Q31PN6	0.767
Q31ND9	Q31QG4	0.773
Q31ND9	Q31RC4	0.764
Q31NE2	Q8GIT7	0.83
Q31NF5	Q31PM5	0.837
Q31NF5	Q31S61	0.766
Q31NF6	Q31NS1	0.698
Q31NF6	Q31P62	0.877
Q31NF6	Q31P93	0.719
Q31NF6	Q31PP6	0.616
Q31NF6	Q31PT6	0.589
Q31NF6	Q31PZ6	0.663
Q31NF6	Q31QC4	0.68
Q31NF6	Q31QQ3	0.769
Q31NF6	Q31RG1	0.728
Q31NF6	Q31RK5	0.671
Q31NF6	Q31RP2	0.725
Q31NF6	Q31RP7	0.702
Q31NF6	Q31S11	0.699
Q31NG7	Q31QK5	0.641
Q31NG7	Q31R71	0.638
Q31NH8	Q31RE9	0.62
Q31NI7	Q31P93	0.645
Q31NI7	Q31QF2	0.624
Q31NI7	Q31QL4	0.71
Q31NI7	Q31QZ9	0.736
Q31NI7	Q55041	0.61
Q31NJ5	Q31NT9	0.576
Q31NJ5	Q31NV7	0.852
Q31NJ5	Q31NV8	0.732
Q31NJ5	Q31P07	0.797
Q31NJ5	Q31P08	0.886
Q31NJ5	Q31PD8	0.65
Q31NJ5	Q31QK5	0.805
Q31NJ5	Q31QK6	0.652
Q31NJ5	Q31QV2	0.775
Q31NJ5	Q31R70	0.701
Q31NJ5	Q31RA2	0.77
Q31NJ5	Q31RF3	0.632
Q31NJ5	Q31RF4	0.602
Q31NJ5	Q31RJ0	0.608
Q31NJ5	Q8GIT3	0.78
Q31NJ5	Q8KPP5	0.694
Q31NJ5	Q8VPV6	0.84
Q31NJ7	Q31NS1	0.826
Q31NJ7	Q31PI6	0.672
Q31NJ7	Q31QQ0	0.679
Q31NJ7	Q31RK5	0.689
Q31NJ7	Q31SC8	0.848
Q31NJ7	Q54734	0.63
Q31NL0	Q31NV7	0.694
Q31NL0	Q31QK5	0.689
Q31NL0	Q31RE4	0.605
Q31NL0	Q31RF4	0.936
Q31NL7	Q31NT9	0.996
Q31NL7	Q31NU0	0.95
Q31NL7	Q31PI7	0.993
Q31NL7	Q31PR9	0.95
Q31NL7	Q31QV2	0.994
Q31NM5	Q31PP7	0.855
Q31NM5	Q31PS1	0.617
Q31NM5	Q31QY6	0.58
Q31NM5	Q31RA2	0.592
Q31NM5	Q31RJ0	0.911
Q31NM5	Q31S00	0.651
Q31NM6	Q31P62	0.656
Q31NM6	Q31PI6	0.758
Q31NM6	Q31QP0	0.674
Q31NM6	Q31R91	0.76
Q31NM6	Q31SC8	0.702
Q31NN1	Q31R29	0.671
Q31NQ0	Q31P62	0.779
Q31NQ0	Q31PI6	0.625
Q31NR1	Q31PL2	0.645
Q31NR1	Q9Z3H5	0.851
Q31NR2	Q31PC1	0.637
Q31NR2	Q31QK4	0.897
Q31NR2	Q31QK5	0.829
Q31NR2	Q9Z3H5	0.793
Q31NS1	Q31P62	0.668
Q31NS1	Q31P93	0.614
Q31NS1	Q31SC8	0.78
Q31NS1	Q54705	0.659
Q31NS3	Q31Q65	0.572
Q31NS3	Q31R79	0.637
Q31NS3	Q31RE9	0.66
Q31NS8	Q31R18	0.807
Q31NS8	Q31RW6	0.846
Q31NS8	Q54767	0.609
Q31NT0	Q31RA2	0.628
Q31NT0	Q31RD9	0.64
Q31NT0	Q79PF4	0.696
Q31NT3	Q31PX4	0.637
Q31NT4	Q31QP9	0.643
Q31NT9	Q31NU0	0.95
Q31NT9	Q31NV7	0.749
Q31NT9	Q31NV8	0.695
Q31NT9	Q31P07	0.715
Q31NT9	Q31P08	0.782
Q31NT9	Q31P66	0.699
Q31NT9	Q31PC1	0.841
Q31NT9	Q31PI7	0.997
Q31NT9	Q31PP7	0.655
Q31NT9	Q31PR9	0.95
Q31NT9	Q31QF5	0.8
Q31NT9	Q31QK5	0.668
Q31NT9	Q31QV2	0.996
Q31NT9	Q31QY6	0.712
Q31NT9	Q31RA2	0.837
Q31NT9	Q31RE4	0.691
Q31NT9	Q31RF1	0.769
Q31NT9	Q31RF3	0.901
Q31NT9	Q31RF4	0.714
Q31NT9	Q31RJ0	0.729
Q31NT9	Q54705	0.732
Q31NT9	Q79PF4	0.781
Q31NT9	Q8GIS4	0.606
Q31NT9	Q935X4	0.667
Q31NU0	Q31PI7	0.95
Q31NU0	Q31PR9	0.95
Q31NU0	Q31QV2	0.95
Q31NV7	Q31P08	0.712
Q31NV7	Q31PD8	0.648
Q31NV7	Q31PD9	0.73
Q31NV7	Q31PI7	0.717
Q31NV7	Q31PL8	0.704
Q31NV7	Q31PP7	0.714
Q31NV7	Q31PS1	0.795
Q31NV7	Q31PV4	0.686
Q31NV7	Q31QD7	0.712
Q31NV7	Q31QF5	0.704
Q31NV7	Q31QV1	0.634
Q31NV7	Q31QV2	0.7
Q31NV7	Q31RA2	0.822
Q31NV7	Q31RE4	0.713
Q31NV7	Q31RF0	0.71
Q31NV7	Q31RF1	0.728
Q31NV7	Q31RF3	0.709
Q31NV7	Q31RF4	0.711
Q31NV7	Q31RF9	0.776
Q31NV7	Q31RJ0	0.725
Q31NV7	Q31S00	0.666
Q31NV7	Q935X8	0.664
Q31NV8	Q31NZ1	0.79
Q31NV8	Q31PD9	0.701
Q31NV8	Q31PI7	0.804
Q31NV8	Q31PL8	0.766
Q31NV8	Q31PT6	0.771
Q31NV8	Q31PV3	0.744
Q31NV8	Q31PV6	0.73
Q31NV8	Q31Q43	0.73
Q31NV8	Q31QC4	0.705
Q31NV8	Q31QE3	0.768
Q31NV8	Q31QK4	0.842
Q31NV8	Q31QK5	0.739
Q31NV8	Q31QV2	0.732
Q31NV8	Q31QY6	0.688
Q31NV8	Q31RE4	0.727
Q31NV8	Q31RF0	0.789
Q31NV8	Q31RF1	0.724
Q31NV8	Q31RF3	0.705
Q31NV8	Q31RF4	0.715
Q31NV8	Q31RF9	0.752
Q31NV8	Q31RG0	0.802
Q31NV8	Q31RG1	0.76
Q31NV8	Q31RJ0	0.604
Q31NV8	Q31RM7	0.699
Q31NV8	Q55357	0.696
Q31NV8	Q9R6W2	0.741
Q31NZ1	Q31PC1	0.804
Q31NZ1	Q31PL2	0.845
Q31NZ1	Q31QK5	0.806
Q31NZ1	Q31RZ4	0.779
Q31NZ1	Q9R6W2	0.752
Q31NZ4	Q31QL4	0.779
Q31P07	Q31P08	0.935
Q31P07	Q31QV2	0.641
Q31P07	Q31RA2	0.632
Q31P07	Q31RF3	0.653
Q31P07	Q8VPV6	0.735
Q31P08	Q31PI7	0.643
Q31P08	Q31PP7	0.628
Q31P08	Q31PS1	0.63
Q31P08	Q31PW1	0.702
Q31P08	Q31QF5	0.693
Q31P08	Q31QK5	0.679
Q31P08	Q31QV2	0.653
Q31P08	Q31RA2	0.829
Q31P08	Q31RE4	0.679
Q31P08	Q31RF1	0.606
Q31P08	Q31RF3	0.677
Q31P08	Q31RJ0	0.678
Q31P08	Q8VPV6	0.773
Q31P43	Q31P44	0.656
Q31P43	Q31QC5	0.603
Q31P43	Q31QV6	0.67
Q31P43	Q31RE9	0.676
Q31P43	Q54767	0.73
Q31P44	Q31RE9	0.579
Q31P47	Q31QK9	0.738
Q31P47	Q31QQ4	0.636
Q31P47	Q31RW6	0.634
Q31P47	Q44115	0.682
Q31P52	Q31PD9	0.732
Q31P52	Q31QN4	0.662
Q31P52	Q31RF0	0.668
Q31P52	Q31RF3	0.68
Q31P52	Q31RF4	0.627
Q31P52	Q31RM5	0.788
Q31P52	Q31RM7	0.915
Q31P52	Q31S66	0.755
Q31P58	Q31Q19	0.658
Q31P58	Q31QV8	0.639
Q31P58	Q31RE9	0.589
Q31P62	Q31P93	0.816
Q31P62	Q31PI6	0.678
Q31P62	Q31PS0	0.686
Q31P62	Q31Q07	0.63
Q31P62	Q31QC4	0.662
Q31P62	Q31QL4	0.633
Q31P62	Q31QL9	0.782
Q31P62	Q31QP0	0.632
Q31P62	Q31QQ3	0.734
Q31P62	Q31QY2	0.605
Q31P62	Q31QZ9	0.601
Q31P62	Q31RK5	0.834
Q31P62	Q31RP3	0.732
Q31P62	Q31S19	0.7
Q31P62	Q31SC8	0.666
Q31P62	Q54705	0.716
Q31P62	Q935Y4	0.66
Q31P62	Q9L4P4	0.717
Q31P66	Q31PL8	0.694
Q31P66	Q31PV3	0.975
Q31P66	Q31PV6	0.929
Q31P66	Q31QE3	0.945
Q31P66	Q31QF5	0.648
Q31P66	Q31QK5	0.795
Q31P66	Q31RF1	0.619
Q31P66	Q31SC5	0.836
Q31P66	Q79AV0	0.921
Q31P67	Q31PV3	0.732
Q31P67	Q31S95	0.688
Q31P73	Q31P74	0.817
Q31P73	Q31PD8	0.624
Q31P73	Q31QK5	0.728
Q31P73	Q31RG2	0.625
Q31P73	Q31RI7	0.663
Q31P73	Q54705	0.739
Q31P74	Q31PS0	0.632
Q31P74	Q31QY2	0.653
Q31P74	Q8GMR7	0.748
Q31P83	Q31QF5	0.643
Q31P93	Q31PP6	0.644
Q31P93	Q31PT6	0.78
Q31P93	Q31QK5	0.701
Q31P93	Q31QQ0	0.745
Q31P93	Q31QQ3	0.801
Q31P93	Q31QU9	0.798
Q31P93	Q31QY2	0.728
Q31P93	Q31QZ9	0.67
Q31P93	Q31RK5	0.838
Q31P93	Q31RM5	0.639
Q31P93	Q55041	0.664
Q31P95	Q31QT5	0.736
Q31P96	Q31PY5	0.617
Q31PB1	Q31RY9	0.663
Q31PB1	Q31SC8	0.643
Q31PC1	Q31PS1	0.798
Q31PC1	Q31QK5	0.798
Q31PC1	Q31RZ4	0.813
Q31PC1	Q9R6W2	0.707
Q31PD0	Q31PP7	0.584
Q31PD0	Q31PS1	0.725
Q31PD0	Q31RF3	0.605
Q31PD0	Q31RJ0	0.621
Q31PD1	Q31PJ5	0.763
Q31PD1	Q31PN6	0.719
Q31PD1	Q31RC4	0.702
Q31PD2	Q31R92	0.762
Q31PD8	Q31PD9	0.899
Q31PD8	Q31PI7	0.689
Q31PD8	Q31Q37	0.68
Q31PD8	Q31QD7	0.729
Q31PD8	Q31QK5	0.771
Q31PD8	Q31QV2	0.755
Q31PD8	Q31RF1	0.744
Q31PD8	Q31RF9	0.877
Q31PD8	Q31RG0	0.921
Q31PD8	Q31RG1	0.891
Q31PD8	Q31RM7	0.67
Q31PD8	Q31RP7	0.884
Q31PD8	Q31S39	0.705
Q31PD8	Q44115	0.86
Q31PD8	Q54705	0.662
Q31PD8	Q54755	0.601
Q31PD8	Q8GMT0	0.787
Q31PD8	Q9Z3G5	0.764
Q31PD9	Q31PI7	0.757
Q31PD9	Q31Q65	0.726
Q31PD9	Q31QD7	0.68
Q31PD9	Q31QK5	0.866
Q31PD9	Q31QV2	0.784
Q31PD9	Q31QY2	0.79
Q31PD9	Q31R92	0.593
Q31PD9	Q31RF0	0.622
Q31PD9	Q31RF1	0.798
Q31PD9	Q31RF3	0.701
Q31PD9	Q31RF4	0.7
Q31PD9	Q31RF9	0.894
Q31PD9	Q31RG0	0.93
Q31PD9	Q31RG1	0.912
Q31PD9	Q31RP7	0.927
Q31PD9	Q44115	0.896
Q31PD9	Q44116	0.815
Q31PD9	Q9Z3G5	0.864
Q31PF2	Q31PN8	0.671
Q31PF2	Q31RH2	0.701
Q31PF2	Q31S32	0.707
Q31PF2	Q8GMR3	0.751
Q31PF9	Q31PY6	0.663
Q31PF9	Q31QC4	0.687
Q31PF9	Q31R28	0.661
Q31PI6	Q31PZ6	0.718
Q31PI6	Q31QC6	0.686
Q31PI6	Q31QQ0	0.638
Q31PI6	Q31R91	0.803
Q31PI6	Q31RK5	0.655
Q31PI6	Q31RM5	0.722
Q31PI6	Q31RU8	0.803
Q31PI6	Q31SC8	0.858
Q31PI6	Q59943	0.854
Q31PI7	Q31PP7	0.66
Q31PI7	Q31PR9	0.95
Q31PI7	Q31QK5	0.748
Q31PI7	Q31QV2	0.997
Q31PI7	Q31RE4	0.702
Q31PI7	Q31RF1	0.704
Q31PI7	Q31RF3	0.673
Q31PI7	Q31RF4	0.676
Q31PI7	Q31RJ0	0.645
Q31PI7	Q54705	0.641
Q31PI8	Q31QC6	0.698
Q31PI8	Q55041	0.728
Q31PJ5	Q31RC4	0.745
Q31PJ5	Q8KPQ5	0.686
Q31PK1	Q31QL7	0.76
Q31PK1	Q31QV6	0.762
Q31PK1	Q31RH4	0.74
Q31PK1	Q31S42	0.621
Q31PL1	Q31QD7	0.682
Q31PL1	Q31QJ2	0.702
Q31PL1	Q31QK5	0.711
Q31PL1	Q31QQ4	0.602
Q31PL1	Q31QY2	0.72
Q31PL1	Q31RG0	0.804
Q31PL1	Q31RG1	0.725
Q31PL1	Q31RP7	0.798
Q31PL1	Q31SC5	0.605
Q31PL1	Q54705	0.761
Q31PL1	Q55357	0.706
Q31PL1	Q8VW88	0.693
Q31PL1	Q9R6W2	0.652
Q31PL2	Q31PV3	0.771
Q31PL2	Q31QE3	0.849
Q31PL2	Q31QF2	0.659
Q31PL2	Q31QK4	0.846
Q31PL2	Q31QK5	0.812
Q31PL2	Q31RG0	0.707
Q31PL2	Q31RG1	0.634
Q31PL2	Q31SC5	0.71
Q31PL2	Q79AV0	0.635
Q31PL2	Q79PF4	0.723
Q31PL2	Q9R6W2	0.875
Q31PL2	Q9Z3H5	0.894
Q31PL7	Q31PM2	0.733
Q31PL7	Q31QL0	0.616
Q31PL7	Q935X2	0.721
Q31PL8	Q31QE3	0.706
Q31PL8	Q31QK5	0.863
Q31PL8	Q31R92	0.718
Q31PL8	Q31RF9	0.659
Q31PL8	Q59984	0.788
Q31PM0	Q31PM5	0.791
Q31PM0	Q31PV1	0.742
Q31PM0	Q31QA2	0.73
Q31PM0	Q31QM2	0.76
Q31PM0	Q31R69	0.668
Q31PM2	Q31PS0	0.806
Q31PM2	Q31QC5	0.606
Q31PM2	Q31QK9	0.615
Q31PM2	Q31QV6	0.605
Q31PM2	Q31R14	0.675
Q31PM2	Q31S19	0.698
Q31PM5	Q31S61	0.806
Q31PN3	Q31PQ2	0.688
Q31PN3	Q8GJM0	0.62
Q31PN3	Q9Z3G5	0.691
Q31PN5	Q31PQ2	0.621
Q31PN6	Q31RC4	0.716
Q31PN8	Q31PZ6	0.615
Q31PN8	Q8KPQ0	0.623
Q31PP6	Q31PY6	0.692
Q31PP6	Q31PZ6	0.693
Q31PP6	Q31QZ9	0.667
Q31PP6	Q31RM5	0.764
Q31PP6	Q59943	0.733
Q31PP6	Q8GMR7	0.689
Q31PP6	Q935Y4	0.6
Q31PP7	Q31PS1	0.749
Q31PP7	Q31QV2	0.653
Q31PP7	Q31QY6	0.63
Q31PP7	Q31RA2	0.606
Q31PP7	Q31RE4	0.741
Q31PP7	Q31RF1	0.605
Q31PP7	Q31RF3	0.663
Q31PP7	Q31RJ0	0.897
Q31PP7	Q31RM7	0.629
Q31PP7	Q31S00	0.667
Q31PP7	Q54705	0.707
Q31PQ0	Q31PQ2	0.671
Q31PQ0	Q31QK9	0.779
Q31PQ0	Q31QU4	0.837
Q31PQ2	Q31PY6	0.712
Q31PQ2	Q31QK9	0.689
Q31PQ2	Q31QP9	0.695
Q31PQ2	Q31QS5	0.744
Q31PQ2	Q31R02	0.649
Q31PQ2	Q31RY9	0.652
Q31PQ2	Q8KPU9	0.653
Q31PQ2	Q9Z3G5	0.723
Q31PR2	Q31PR4	0.687
Q31PR2	Q31Q18	0.713
Q31PR2	Q31Q19	0.698
Q31PR2	Q55041	0.718
Q31PR9	Q31QV2	0.95
Q31PS0	Q31PS1	0.62
Q31PS0	Q31PY6	0.671
Q31PS0	Q31QG3	0.6
Q31PS0	Q31QV0	0.732
Q31PS0	Q31QZ9	0.698
Q31PS0	Q31S19	0.721
Q31PS0	Q8GMR7	0.796
Q31PS0	Q8KPQ0	0.691
Q31PS0	Q9L4P4	0.685
Q31PS1	Q31QF5	0.663
Q31PS1	Q31QK5	0.774
Q31PS1	Q31QV2	0.649
Q31PS1	Q31QY6	0.597
Q31PS1	Q31RA2	0.64
Q31PS1	Q31RE4	0.673
Q31PS1	Q31RF3	0.635
Q31PS1	Q31RJ0	0.664
Q31PS1	Q31S00	0.666
Q31PS1	Q54705	0.746
Q31PS1	Q55311	0.638
Q31PS2	Q8GJL5	0.83
Q31PT6	Q31PU9	0.639
Q31PT6	Q31QC6	0.644
Q31PT6	Q31QK5	0.676
Q31PT6	Q31QL4	0.609
Q31PT6	Q31QQ0	0.706
Q31PT6	Q31QU9	0.609
Q31PT6	Q31RE4	0.74
Q31PT6	Q31RF0	0.626
Q31PT6	Q31RJ0	0.63
Q31PT6	Q31RK5	0.816
Q31PT6	Q79N42	0.693
Q31PT8	Q31R92	0.688
Q31PU9	Q31QC6	0.694
Q31PU9	Q54709	0.605
Q31PV1	Q31RC4	0.655
Q31PV3	Q31PV6	0.977
Q31PV3	Q31QE3	0.922
Q31PV3	Q31QK4	0.837
Q31PV3	Q31QK5	0.888
Q31PV3	Q31RE0	0.825
Q31PV3	Q31SC5	0.922
Q31PV3	Q79AV0	0.963
Q31PV3	Q79PF4	0.702
Q31PV3	Q9R6W2	0.675
Q31PV3	Q9Z3H5	0.693
Q31PV4	Q31PV6	0.775
Q31PV4	Q31QK5	0.784
Q31PV4	Q31QK6	0.672
Q31PV4	Q31RF9	0.647
Q31PV4	Q31RG2	0.71
Q31PV4	Q31RM7	0.706
Q31PV4	Q54705	0.713
Q31PV4	Q9L4P3	0.747
Q31PV4	Q9L4P4	0.692
Q31PV6	Q31PW1	0.751
Q31PV6	Q31QE3	0.951
Q31PV6	Q31QK5	0.893
Q31PV6	Q31QK6	0.654
Q31PV6	Q31SC5	0.921
Q31PV6	Q79AV0	0.935
Q31PW1	Q31QK5	0.67
Q31PW1	Q31RA2	0.789
Q31PW1	Q9Z3H5	0.659
Q31PW3	Q31QC6	0.635
Q31PW3	Q31QK5	0.683
Q31PW3	Q31RY6	0.654
Q31PW3	Q31SB9	0.716
Q31PW3	Q54709	0.721
Q31PW3	Q59984	0.684
Q31PW3	Q79N42	0.728
Q31PW3	Q7X4K8	0.708
Q31PX4	Q31PX5	0.726
Q31PX4	Q31QY0	0.659
Q31PX4	Q31R69	0.638
Q31PX4	Q54760	0.652
Q31PX5	Q31Q06	0.641
Q31PY5	Q31PY6	0.589
Q31PY5	Q31PZ6	0.76
Q31PY5	Q31Q07	0.773
Q31PY5	Q31QS0	0.632
Q31PY5	Q31QT5	0.755
Q31PY5	Q31RM5	0.66
Q31PY5	Q31RU8	0.689
Q31PY5	Q935Y4	0.619
Q31PY6	Q31PZ6	0.782
Q31PY6	Q31Q76	0.786
Q31PY6	Q31QY8	0.821
Q31PY6	Q31RJ2	0.581
Q31PY6	Q31RW6	0.675
Q31PY6	Q31S11	0.578
Q31PY6	Q31S44	0.604
Q31PY6	Q935Y4	0.693
Q31PZ0	Q31QS4	0.638
Q31PZ2	Q8KUU6	0.711
Q31PZ6	Q31Q07	0.705
Q31PZ6	Q31QP0	0.704
Q31PZ6	Q31QQ3	0.651
Q31PZ6	Q31QS0	0.674
Q31PZ6	Q31QT5	0.616
Q31PZ6	Q31RM5	0.721
Q31PZ6	Q31RQ5	0.638
Q31PZ6	Q31S11	0.719
Q31PZ6	Q31S25	0.776
Q31PZ6	Q59943	0.673
Q31PZ6	Q8GMR3	0.7
Q31PZ6	Q935Y4	0.688
Q31Q06	Q31Q12	0.672
Q31Q06	Q31QJ9	0.62
Q31Q06	Q31QR5	0.631
Q31Q06	Q31QT3	0.634
Q31Q06	Q8GJM0	0.677
Q31Q07	Q31QC4	0.644
Q31Q07	Q31RM5	0.756
Q31Q07	Q31S11	0.679
Q31Q07	Q8GMR3	0.63
Q31Q09	Q31Q65	0.626
Q31Q11	Q31QU4	0.725
Q31Q12	Q31QR5	0.691
Q31Q18	Q55041	0.706
Q31Q18	Q8KPQ0	0.736
Q31Q19	Q31QV6	0.716
Q31Q37	Q31Q65	0.814
Q31Q37	Q31RG0	0.73
Q31Q37	Q31RG1	0.765
Q31Q37	Q31RP7	0.72
Q31Q37	Q9Z3G5	0.764
Q31Q43	Q31QD7	0.683
Q31Q43	Q31QI4	0.653
Q31Q43	Q31QK5	0.704
Q31Q43	Q31QV2	0.795
Q31Q43	Q31RF1	0.688
Q31Q47	Q31QK5	0.596
Q31Q47	Q31QZ9	0.641
Q31Q47	Q31RI7	0.632
Q31Q60	Q31RW6	0.628
Q31Q60	Q31S44	0.669
Q31Q65	Q31QR3	0.649
Q31Q65	Q31QV6	0.593
Q31Q65	Q31RE9	0.691
Q31Q65	Q31RG0	0.778
Q31Q65	Q31RP7	0.791
Q31Q69	Q31QF3	0.762
Q31Q69	Q54767	0.809
Q31QA2	Q31QF8	0.8
Q31QA2	Q31QM2	0.76
Q31QA2	Q31QS6	0.752
Q31QA2	Q8GMT3	0.752
Q31QC4	Q31QJ2	0.63
Q31QC4	Q31QK9	0.65
Q31QC4	Q31QL9	0.733
Q31QC4	Q31QQ3	0.728
Q31QC4	Q31QQ4	0.675
Q31QC4	Q31RG1	0.788
Q31QC4	Q31RP7	0.852
Q31QC4	Q31S19	0.792
Q31QC4	Q9L4P3	0.764
Q31QC5	Q31R14	0.666
Q31QC5	Q935Z3	0.725
Q31QC6	Q31QK5	0.69
Q31QC6	Q31QQ0	0.697
Q31QC6	Q31QU9	0.707
Q31QC6	Q31QV3	0.773
Q31QC6	Q31RU8	0.748
Q31QC6	Q31SC8	0.695
Q31QC6	Q55024	0.607
Q31QC6	Q55041	0.821
Q31QC6	Q79N42	0.657
Q31QD7	Q31QF2	0.627
Q31QD7	Q31QK3	0.603
Q31QD7	Q31QK5	0.728
Q31QD7	Q31QK6	0.617
Q31QD7	Q31QQ3	0.697
Q31QD7	Q31RG0	0.769
Q31QD7	Q31RI7	0.595
Q31QD7	Q31RP7	0.708
Q31QD7	Q31S39	0.666
Q31QD7	Q31SC5	0.632
Q31QD7	Q54705	0.792
Q31QE3	Q31QK4	0.686
Q31QE3	Q31QK5	0.876
Q31QE3	Q31QK6	0.785
Q31QE3	Q31QQ0	0.606
Q31QE3	Q31R70	0.681
Q31QE3	Q31RG0	0.669
Q31QE3	Q31SC5	0.895
Q31QE3	Q79AV0	0.876
Q31QE3	Q8VW88	0.671
Q31QE3	Q9R6W2	0.634
Q31QE3	Q9Z3H5	0.734
Q31QF2	Q31QF3	0.687
Q31QF2	Q31QK3	0.57
Q31QF2	Q31QK5	0.77
Q31QF2	Q31QY2	0.73
Q31QF2	Q31QZ9	0.684
Q31QF2	Q31RG0	0.75
Q31QF2	Q31RG1	0.738
Q31QF2	Q31RG2	0.791
Q31QF2	Q31RJ0	0.794
Q31QF2	Q31RX9	0.701
Q31QF2	Q54705	0.787
Q31QF2	Q55041	0.626
Q31QF2	Q7X4K8	0.638
Q31QF2	Q9L4P4	0.616
Q31QF5	Q31QK5	0.729
Q31QF5	Q31QV2	0.683
Q31QF5	Q31RA2	0.848
Q31QF5	Q31RF3	0.814
Q31QF5	Q31RF4	0.63
Q31QF5	Q31RJ0	0.689
Q31QF5	Q54705	0.658
Q31QF5	Q9Z3H5	0.64
Q31QF8	Q31QM2	0.785
Q31QF8	Q31QP4	0.823
Q31QF8	Q31QS6	0.812
Q31QF8	Q31QY0	0.733
Q31QF8	Q31R69	0.724
Q31QF8	Q8GMT3	0.824
Q31QF9	Q31S62	0.672
Q31QG4	Q31RC4	0.785
Q31QH2	Q31RB7	0.753
Q31QH2	Q55024	0.654
Q31QI4	Q31QK5	0.661
Q31QI7	Q31S78	0.77
Q31QI7	Q8KPS9	0.664
Q31QI7	Q935X2	0.781
Q31QJ2	Q31QK5	0.665
Q31QJ2	Q31QY2	0.706
Q31QJ2	Q31RG0	0.697
Q31QJ2	Q31RG1	0.749
Q31QJ2	Q31RM7	0.734
Q31QJ2	Q31RP7	0.675
Q31QJ2	Q8VW88	0.726
Q31QJ8	Q31QK5	0.82
Q31QJ8	Q31QK6	0.603
Q31QJ8	Q31R92	0.617
Q31QJ8	Q54705	0.724
Q31QJ8	Q54709	0.631
Q31QJ8	Q7X4K8	0.694
Q31QJ9	Q31QZ9	0.591
Q31QK2	Q31QK5	0.761
Q31QK2	Q31QK6	0.676
Q31QK3	Q31QK4	0.906
Q31QK3	Q31QK5	0.923
Q31QK3	Q31QK6	0.906
Q31QK3	Q31RI7	0.61
Q31QK3	Q31S39	0.639
Q31QK4	Q31QK5	0.975
Q31QK4	Q31QK6	0.93
Q31QK4	Q31RA2	0.733
Q31QK4	Q31SC5	0.691
Q31QK4	Q79AV0	0.69
Q31QK4	Q79PF4	0.823
Q31QK4	Q7X4K8	0.625
Q31QK4	Q9R6W2	0.823
Q31QK4	Q9Z3H5	0.959
Q31QK5	Q31QK6	0.975
Q31QK5	Q31QL9	0.677
Q31QK5	Q31QN4	0.699
Q31QK5	Q31QQ0	0.69
Q31QK5	Q31QU9	0.712
Q31QK5	Q31QV2	0.786
Q31QK5	Q31QV3	0.708
Q31QK5	Q31QY2	0.81
Q31QK5	Q31QY6	0.674
Q31QK5	Q31R70	0.792
Q31QK5	Q31RA2	0.656
Q31QK5	Q31RE4	0.761
Q31QK5	Q31RF0	0.725
Q31QK5	Q31RF1	0.845
Q31QK5	Q31RF3	0.735
Q31QK5	Q31RF4	0.661
Q31QK5	Q31RF9	0.852
Q31QK5	Q31RG0	0.807
Q31QK5	Q31RG1	0.796
Q31QK5	Q31RG2	0.719
Q31QK5	Q31RJ0	0.704
Q31QK5	Q31RK5	0.633
Q31QK5	Q31RM7	0.791
Q31QK5	Q31RP7	0.724
Q31QK5	Q31RX9	0.662
Q31QK5	Q31RZ4	0.835
Q31QK5	Q31S00	0.635
Q31QK5	Q31S21	0.641
Q31QK5	Q31S39	0.79
Q31QK5	Q31SB9	0.752
Q31QK5	Q31SC5	0.763
Q31QK5	Q54755	0.573
Q31QK5	Q55357	0.723
Q31QK5	Q59984	0.821
Q31QK5	Q79AV0	0.667
Q31QK5	Q79N42	0.802
Q31QK5	Q7X4K8	0.776
Q31QK5	Q8GIT7	0.676
Q31QK5	Q8GMT0	0.64
Q31QK5	Q8VW88	0.832
Q31QK5	Q9L4P4	0.653
Q31QK5	Q9R6W2	0.874
Q31QK5	Q9Z3G5	0.682
Q31QK5	Q9Z3H5	0.923
Q31QK6	Q31RF9	0.718
Q31QK6	Q31RG0	0.819
Q31QK6	Q31RG2	0.734
Q31QK6	Q31RM7	0.687
Q31QK6	Q31S39	0.647
Q31QK6	Q31SC5	0.655
Q31QK9	Q31QP9	0.729
Q31QK9	Q31QQ4	0.683
Q31QK9	Q31QU4	0.827
Q31QK9	Q8KPU9	0.682
Q31QK9	Q9Z3G5	0.779
Q31QL1	Q31RI6	0.722
Q31QL1	Q31RU8	0.671
Q31QL1	Q31S58	0.695
Q31QL1	Q59943	0.719
Q31QL4	Q31QZ9	0.675
Q31QL4	Q31RI6	0.619
Q31QL4	Q31RS5	0.68
Q31QL4	Q31S58	0.625
Q31QL4	Q54709	0.633
Q31QL4	Q55041	0.691
Q31QL4	Q8GIS1	0.652
Q31QL7	Q31RI7	0.728
Q31QL7	Q54764	0.722
Q31QL9	Q31QN4	0.641
Q31QL9	Q31QQ0	0.83
Q31QL9	Q31QU9	0.665
Q31QL9	Q31S19	0.798
Q31QL9	Q8VW88	0.642
Q31QM9	Q31QR5	0.628
Q31QM9	Q31QV6	0.647
Q31QM9	Q31S21	0.718
Q31QM9	Q31S93	0.677
Q31QN3	Q54705	0.696
Q31QN3	Q54764	0.666
Q31QN4	Q8VW88	0.68
Q31QN7	Q9KHI5	0.998
Q31QP0	Q31RM5	0.827
Q31QP0	Q31RU8	0.686
Q31QP4	Q31RK1	0.719
Q31QP4	Q8GMT3	0.815
Q31QP9	Q31QU4	0.764
Q31QQ0	Q31QU9	0.656
Q31QQ0	Q31RU8	0.642
Q31QQ0	Q31SC8	0.646
Q31QQ3	Q31RK5	0.626
Q31QQ3	Q31S19	0.644
Q31QQ3	Q54705	0.735
Q31QQ3	Q9L4P3	0.7
Q31QQ4	Q54705	0.717
Q31QR1	Q31S19	0.718
Q31QR3	Q31R79	0.754
Q31QT5	Q8GMR3	0.624
Q31QU3	Q31QV8	0.746
Q31QU3	Q31R14	0.718
Q31QU3	Q31S48	0.718
Q31QU3	Q31S64	0.686
Q31QU9	Q31QV0	0.804
Q31QU9	Q31RG2	0.745
Q31QU9	Q31S19	0.687
Q31QU9	Q54705	0.763
Q31QU9	Q59943	0.682
Q31QU9	Q9L4P4	0.716
Q31QV0	Q31S19	0.747
Q31QV0	Q31S44	0.67
Q31QV0	Q8GMR7	0.718
Q31QV0	Q8KPQ0	0.65
Q31QV0	Q9L4P3	0.718
Q31QV0	Q9L4P4	0.653
Q31QV2	Q31RA2	0.766
Q31QV2	Q31RE4	0.68
Q31QV2	Q31RF0	0.765
Q31QV2	Q31RF1	0.93
Q31QV2	Q31RF3	0.888
Q31QV2	Q31RF4	0.872
Q31QV2	Q31RF9	0.657
Q31QV2	Q31RJ0	0.7
Q31QV2	Q31RZ5	0.59
Q31QV2	Q31S39	0.682
Q31QV2	Q31SC5	0.693
Q31QV6	Q31QV8	0.613
Q31QV6	Q31QZ9	0.623
Q31QV6	Q31RE9	0.651
Q31QV6	Q31RH4	0.672
Q31QV6	Q31S42	0.643
Q31QV6	Q31S48	0.619
Q31QV8	Q31RE9	0.678
Q31QV8	Q31S48	0.836
Q31QY0	Q31RE9	0.689
Q31QY1	Q31RI7	0.744
Q31QY1	Q8GIT7	0.835
Q31QY2	Q31R70	0.675
Q31QY2	Q31RG0	0.75
Q31QY2	Q31RG1	0.664
Q31QY2	Q31RP7	0.648
Q31QY2	Q31S19	0.619
Q31QY2	Q54705	0.761
Q31QY6	Q31RA2	0.639
Q31QY6	Q54705	0.779
Q31QY6	Q935X8	0.769
Q31QY8	Q31S11	0.808
Q31QZ1	Q31R58	0.724
Q31QZ9	Q31RD9	0.641
Q31QZ9	Q31RJ2	0.672
Q31QZ9	Q31RX9	0.73
Q31QZ9	Q54709	0.615
Q31QZ9	Q55041	0.652
Q31QZ9	Q59943	0.615
Q31QZ9	Q59984	0.604
Q31QZ9	Q79N42	0.613
Q31QZ9	Q7X4K8	0.624
Q31QZ9	Q8GIT7	0.668
Q31QZ9	Q8GMR7	0.775
Q31QZ9	Q9L4P4	0.635
Q31R02	Q31R18	0.614
Q31R18	Q31RW6	0.713
Q31R69	Q31RE9	0.606
Q31R69	Q8KPR4	0.639
Q31R70	Q31RZ4	0.782
Q31R76	Q54764	0.677
Q31R79	Q31RJ6	0.684
Q31R79	Q31RL9	0.592
Q31R79	Q54764	0.644
Q31R79	Q8GAA2	0.666
Q31R83	Q31RY9	0.665
Q31R91	Q31RU8	0.799
Q31R91	Q31SC8	0.782
Q31R91	Q55041	0.591
Q31R91	Q59943	0.747
Q31R92	Q31RD9	0.773
Q31R92	Q31S21	0.727
Q31R92	Q9R6W2	0.719
Q31RA2	Q31RE4	0.63
Q31RA2	Q31RF1	0.71
Q31RA2	Q31RF3	0.735
Q31RA2	Q31RF4	0.594
Q31RA2	Q31RI7	0.608
Q31RA2	Q31RJ0	0.706
Q31RA2	Q31RZ5	0.666
Q31RA2	Q31S00	0.615
Q31RA2	Q8GIT7	0.618
Q31RA2	Q935X4	0.719
Q31RC4	Q8KPQ5	0.675
Q31RD9	Q31RI7	0.758
Q31RD9	Q79PF4	0.875
Q31RE4	Q31RF1	0.687
Q31RE4	Q31RF3	0.712
Q31RE4	Q31RF4	0.641
Q31RE4	Q31RJ0	0.793
Q31RE4	Q8GIS4	0.744
Q31RE4	Q935X8	0.682
Q31RE9	Q31RH4	0.812
Q31RE9	Q31RL4	0.671
Q31RE9	Q31RX7	0.642
Q31RE9	Q31S42	0.661
Q31RE9	Q31S48	0.614
Q31RE9	Q54777	0.645
Q31RE9	Q8GJL5	0.699
Q31RF0	Q31RF1	0.95
Q31RF0	Q31RF3	0.937
Q31RF0	Q31RF4	0.933
Q31RF1	Q31RF3	0.96
Q31RF1	Q31RF4	0.955
Q31RF1	Q31RJ0	0.584
Q31RF1	Q44115	0.594
Q31RF3	Q31RF4	0.961
Q31RF3	Q31RJ0	0.776
Q31RF3	Q31RM7	0.624
Q31RF3	Q31S00	0.653
Q31RF3	Q54705	0.835
Q31RF3	Q935X8	0.653
Q31RF4	Q31RJ0	0.624
Q31RF4	Q54705	0.711
Q31RF4	Q8GIS7	0.766
Q31RF9	Q31RG0	0.914
Q31RF9	Q31RG1	0.943
Q31RF9	Q31RG2	0.926
Q31RF9	Q31RP7	0.912
Q31RF9	Q31RY6	0.699
Q31RF9	Q44115	0.774
Q31RF9	Q44116	0.741
Q31RF9	Q54705	0.708
Q31RF9	Q9Z3G5	0.76
Q31RG0	Q31RG1	0.998
Q31RG0	Q31RG2	0.902
Q31RG0	Q31RM7	0.682
Q31RG0	Q31RP7	0.942
Q31RG0	Q31S39	0.771
Q31RG0	Q31SC5	0.627
Q31RG0	Q8VW88	0.859
Q31RG0	Q9Z3G5	0.769
Q31RG1	Q31RP2	0.685
Q31RG1	Q31RP7	0.953
Q31RG1	Q44115	0.734
Q31RG1	Q44116	0.729
Q31RG1	Q8VW88	0.803
Q31RG1	Q9Z3G5	0.811
Q31RG2	Q31RM7	0.767
Q31RG2	Q9L4P3	0.698
Q31RG2	Q9L4P4	0.774
Q31RG2	Q9Z3G5	0.711
Q31RG7	Q54764	0.776
Q31RH4	Q31RJ6	0.725
Q31RH6	Q31S56	0.853
Q31RI7	Q8GIT7	0.744
Q31RI7	Q9Z3H5	0.587
Q31RJ0	Q31S00	0.688
Q31RJ0	Q54705	0.794
Q31RJ2	Q8GMR7	0.648
Q31RJ6	Q8GMR9	0.681
Q31RK5	Q31SC5	0.65
Q31RK5	Q31SC8	0.77
Q31RK5	Q54705	0.738
Q31RK5	Q55041	0.717
Q31RM5	Q31RM7	0.656
Q31RM5	Q8KPU9	0.623
Q31RM5	Q935Y4	0.608
Q31RM7	Q31RZ4	0.625
Q31RM7	Q54705	0.638
Q31RM7	Q8KPV3	0.603
Q31RM7	Q9L4P3	0.746
Q31RN3	Q54705	0.757
Q31RN3	Q8GIT7	0.853
Q31RN3	Q8KPT7	0.704
Q31RP2	Q31RP7	0.709
Q31RP2	Q54705	0.758
Q31RP7	Q31S39	0.794
Q31RP7	Q44115	0.705
Q31RP7	Q44116	0.729
Q31RP7	Q54705	0.736
Q31RP7	Q8GMT0	0.645
Q31RP7	Q8VW88	0.746
Q31RP7	Q935Z3	0.723
Q31RP7	Q9Z3G5	0.828
Q31RS5	Q59943	0.707
Q31RS5	Q8GMR3	0.623
Q31RU8	Q31SC8	0.878
Q31RU8	Q59943	0.741
Q31RX9	Q54705	0.774
Q31RZ4	Q31RZ5	0.717
Q31RZ4	Q31SC5	0.598
Q31RZ4	Q9Z3H5	0.643
Q31RZ5	Q55357	0.758
Q31S00	Q54705	0.648
Q31S11	Q8L1E5	0.72
Q31S19	Q54705	0.663
Q31S19	Q9L4P3	0.747
Q31S19	Q9L4P4	0.805
Q31S21	Q31S93	0.66
Q31S21	Q935X2	0.649
Q31S44	Q55357	0.699
Q31S58	Q8KPV3	0.63
Q31S64	Q54767	0.652
Q31S78	Q935X2	0.776
Q31S95	Q9Z3H5	0.8
Q31SB9	Q79N42	0.641
Q31SB9	Q7X4K8	0.697
Q31SC5	Q79AV0	0.816
Q31SC5	Q79PF4	0.613
Q31SC5	Q8VW88	0.637
Q31SC5	Q9R6W2	0.662
Q31SC8	Q54734	0.613
Q31SC8	Q55041	0.63
Q44115	Q44116	0.81
Q44115	Q9Z3G5	0.762
Q44116	Q9Z3G5	0.729
Q54704	Q54705	0.82
Q54704	Q8GIT7	0.604
Q54704	Q9Z3G6	0.603
Q54705	Q54709	0.721
Q54705	Q54734	0.704
Q54705	Q7X4K8	0.742
Q54705	Q8GIT7	0.604
Q54705	Q8VW88	0.633
Q54705	Q935Z3	0.722
Q54705	Q9L4P3	0.648
Q54705	Q9L4P4	0.774
Q54705	Q9Z3G5	0.751
Q54709	Q7X4K8	0.78
Q54755	Q54761	0.853
Q54755	Q54776	0.77
Q54761	Q54776	0.643
Q54764	Q54765	0.95
Q54767	Q8GMR8	0.637
Q55041	Q79N42	0.628
Q59984	Q79N42	0.661
Q59984	Q7X4K8	0.654
Q59988	Q79PF4	0.614
Q6BBK3	Q9R6W2	0.987
Q6V1L5	Q6V1L5	0.998
Q79AV0	Q79PF4	0.59
Q79N42	Q7X4K8	0.638
Q79PF4	Q79PF4	0.998
Q79PF4	Q79PF5	1
Q79PF4	Q79PF6	1
Q79PF4	Q9R6W2	0.729
Q79PF4	Q9Z3H5	0.682
Q79PF4	Q9Z3H6	0.608
Q79PF5	Q79PF5	0.998
Q79PF5	Q79PF6	1
Q79PF6	Q79PF6	0.998
Q79PF6	Q8GLI4	1
Q8GJM0	Q9Z3G5	0.707
Q8GLI4	Q9KHI5	0.998
Q8GMR4	Q8GMR7	0.751
Q8GMR7	Q99QJ5	0.598
Q8GMT0	Q935Z3	0.849
Q8KPQ0	Q9L4P3	0.675
Q8KPU9	Q8L1E5	0.696
Q9R6W2	Q9Z3H5	0.776